,time,confidence
0,2017.11.27 18:00,0.8
1,2017.11.28 18:00,0.8
2,2017.11.29 16:30,0.8
3,2017.11.29 18:00,0.5
4,2017.11.29 18:30,0.8
5,2017.11.30 16:30,0.65
6,2017.11.30 16:30,0.6
7,2017.11.30 16:30,0.8
8,2017.11.30 17:45,0.6
9,2017.12.01 17:45,0.75
10,2017.12.01 18:00,0.6
11,2017.12.01 18:00,0.4
12,2017.12.05 17:45,0.6
13,2017.12.05 18:00,0.4
14,2017.12.05 18:00,0.6
15,2017.12.06 16:15,0.4
16,2017.12.06 18:30,0.8
17,2017.12.07 16:30,0.65
18,2017.12.08 16:30,0.5
19,2017.12.08 16:30,0.8
20,2017.12.08 16:30,0.3
21,2017.12.11 18:00,0.6
22,2017.12.11 21:00,0.6
23,2017.12.12 16:30,0.5
24,2017.12.12 21:00,0.5
25,2017.12.13 16:30,0.6
26,2017.12.13 16:30,0.2
27,2017.12.13 16:30,0.3
28,2017.12.13 16:30,0.6
29,2017.12.13 16:30,0.9
30,2017.12.13 18:30,0.65
31,2017.12.13 22:00,0.6
32,2017.12.13 22:30,0.5
33,2017.12.14 16:30,0.8
34,2017.12.14 16:30,0.9
35,2017.12.14 16:30,0.9
36,2017.12.14 17:45,0.4
37,2017.12.14 17:45,0.8
38,2017.12.20 18:30,0.8
39,2017.12.21 16:30,0.5
40,2017.12.21 16:30,0.4
41,2017.12.21 16:30,0.8
42,2017.12.21 16:30,0.5
43,2017.12.22 16:30,0.85
44,2017.12.22 16:30,0.6
45,2017.12.22 16:30,0.5
46,2017.12.22 18:00,0.8
47,2017.12.27 18:00,0.4
48,2017.12.28 16:30,0.5
49,2017.12.28 17:45,0.8
50,2017.12.28 19:00,0.6
51,2018.01.02 17:45,0.5
52,2018.01.03 18:00,0.8
53,2018.01.03 18:00,0.6
54,2018.01.04 16:15,0.8
55,2018.01.04 16:30,0.4
56,2018.01.04 17:45,0.75
57,2018.01.04 19:00,0.8
58,2018.01.05 16:30,0.4
59,2018.01.05 16:30,0.8
60,2018.01.05 18:00,0.6
61,2018.01.05 18:00,0.4
62,2018.01.09 18:00,0.6
63,2018.01.10 18:30,0.6
64,2018.01.10 21:20,0.6
65,2018.01.11 16:30,0.4
66,2018.01.11 16:30,0.3
67,2018.01.11 21:00,0.6
68,2018.01.12 16:30,0.5
69,2018.01.12 16:30,0.9
70,2018.01.12 16:30,0.3
71,2018.01.12 16:30,0.6
72,2018.01.12 16:30,0.8
73,2018.01.12 16:30,0.6
74,2018.01.12 16:30,0.4
75,2018.01.18 16:30,0.8
76,2018.01.18 16:30,0.8
77,2018.01.18 19:00,0.8
78,2018.01.18 21:21,0.5
79,2018.01.24 17:45,0.6
80,2018.01.24 17:45,0.6
81,2018.01.24 18:00,0.4
82,2018.01.24 18:30,0.6
83,2018.01.25 16:30,0.6
84,2018.01.25 18:00,0.4
85,2018.01.26 16:30,0.4
86,2018.01.26 16:30,0.85
87,2018.01.29 16:30,0.5
88,2018.01.29 16:30,0.8
89,2018.01.30 18:00,0.6
90,2018.01.31 16:15,0.8
91,2018.01.31 17:45,0.4
92,2018.01.31 18:30,0.4
93,2018.01.31 22:00,0.5
94,2018.02.01 16:30,0.8
95,2018.02.01 17:45,0.75
96,2018.02.01 18:00,0.65
97,2018.02.01 18:00,0.6
98,2018.02.02 16:30,0.4
99,2018.02.02 16:30,0.8
100,2018.02.02 16:30,0.5
101,2018.02.05 17:45,0.5
102,2018.02.05 18:00,0.65
103,2018.02.05 18:00,0.8
104,2018.02.06 18:00,0.6
105,2018.02.07 18:30,0.4
106,2018.02.07 22:14,0.6
107,2018.02.08 16:30,0.8
108,2018.02.08 21:00,0.6
109,2018.02.14 16:30,0.9
110,2018.02.14 16:30,0.9
111,2018.02.14 16:30,0.5
112,2018.02.14 16:30,0.3
113,2018.02.14 16:30,0.3
114,2018.02.14 16:30,0.6
115,2018.02.14 16:30,0.5
116,2018.02.14 18:30,0.6
117,2018.02.15 16:30,0.8
118,2018.02.15 16:30,0.6
119,2018.02.15 16:30,0.8
120,2018.02.21 17:45,0.8
121,2018.02.21 17:45,0.75
122,2018.02.21 18:00,0.4
123,2018.02.22 16:30,0.8
124,2018.02.22 19:00,0.65
125,2018.02.26 18:00,0.4
126,2018.02.27 16:30,0.3
127,2018.02.27 16:30,0.5
128,2018.02.27 18:00,0.8
129,2018.02.28 16:30,0.4
130,2018.02.28 17:45,0.4
131,2018.02.28 18:30,0.4
132,2018.03.01 16:30,0.8
133,2018.03.01 16:30,0.8
134,2018.03.01 16:30,0.5
135,2018.03.01 17:45,0.4
136,2018.03.01 18:00,0.75
137,2018.03.01 18:00,0.6
138,2018.03.01 18:00,0.5
139,2018.03.05 17:45,0.75
140,2018.03.05 18:00,0.6
141,2018.03.05 18:00,0.6
142,2018.03.07 16:15,0.8
143,2018.03.07 18:30,0.4
144,2018.03.08 16:30,0.4
145,2018.03.09 16:30,0.8
146,2018.03.09 16:30,0.3
147,2018.03.12 20:00,0.6
148,2018.03.13 15:30,0.6
149,2018.03.13 15:30,0.3
150,2018.03.13 15:30,0.5
151,2018.03.13 15:30,0.3
152,2018.03.13 15:30,0.6
153,2018.03.13 20:00,0.5
154,2018.03.14 15:30,0.3
155,2018.03.14 15:30,0.5
156,2018.03.14 15:30,0.4
157,2018.03.14 17:30,0.4
158,2018.03.15 15:30,0.4
159,2018.03.15 15:30,0.6
160,2018.03.16 17:00,0.8
161,2018.03.21 17:00,0.6
162,2018.03.21 17:30,0.65
163,2018.03.21 21:00,0.8
164,2018.03.21 21:30,0.5
165,2018.03.22 15:30,0.4
166,2018.03.22 16:45,0.4
167,2018.03.22 16:45,0.75
168,2018.03.23 15:30,0.85
169,2018.03.23 17:00,0.6
170,2018.03.27 17:00,0.6
171,2018.03.28 15:30,0.8
172,2018.03.28 15:30,0.8
173,2018.03.28 17:30,0.6
174,2018.03.29 15:30,0.8
175,2018.03.29 15:30,0.6
176,2018.03.29 15:30,0.4
177,2018.03.29 16:45,0.4
178,2018.04.02 16:45,0.5
179,2018.04.02 17:00,0.4
180,2018.04.02 17:00,0.6
181,2018.04.04 15:15,0.8
182,2018.04.04 16:45,0.4
183,2018.04.04 17:00,0.6
184,2018.04.04 17:00,0.6
185,2018.04.04 17:30,0.8
186,2018.04.05 15:30,0.4
187,2018.04.06 15:30,0.3
188,2018.04.06 15:30,0.4
189,2018.04.06 20:30,0.5
190,2018.04.10 15:30,0.8
191,2018.04.11 15:30,0.6
192,2018.04.11 15:30,0.1
193,2018.04.11 15:30,0.8
194,2018.04.11 15:30,0.6
195,2018.04.11 17:30,0.4
196,2018.04.11 20:00,0.6
197,2018.04.12 15:30,0.6
198,2018.04.12 20:00,0.5
199,2018.04.13 17:00,0.6
200,2018.04.16 15:30,0.85
201,2018.04.16 15:30,0.5
202,2018.04.18 17:30,0.65
203,2018.04.19 15:30,0.6
204,2018.04.19 15:30,0.65
205,2018.04.23 16:45,0.75
206,2018.04.23 16:45,0.6
207,2018.04.23 17:00,0.75
208,2018.04.24 17:00,0.8
209,2018.04.24 17:00,0.8
210,2018.04.25 17:30,0.4
211,2018.04.26 15:30,0.8
212,2018.04.26 15:30,0.8
213,2018.04.27 15:30,0.5
214,2018.04.30 15:30,0.4
215,2018.04.30 15:30,0.8
216,2018.04.30 16:45,0.4
217,2018.05.01 16:45,0.65
218,2018.05.01 17:00,0.4
219,2018.05.01 17:00,0.6
220,2018.05.02 15:15,0.5
221,2018.05.02 17:30,0.4
222,2018.05.02 21:00,0.5
223,2018.05.03 15:30,0.8
224,2018.05.03 16:45,0.6
225,2018.05.03 17:00,0.4
226,2018.05.03 17:00,0.6
227,2018.05.04 15:30,0.8
228,2018.05.04 15:30,0.6
229,2018.05.04 15:30,0.3
230,2018.05.08 10:15,0.5
231,2018.05.08 17:00,0.8
232,2018.05.09 15:30,0.3
233,2018.05.09 17:30,0.8
234,2018.05.09 20:01,0.6
235,2018.05.10 15:30,0.6
236,2018.05.10 15:30,0.3
237,2018.05.10 15:30,0.3
238,2018.05.10 15:30,0.8
239,2018.05.10 15:30,0.3
240,2018.05.10 15:30,0.65
241,2018.05.10 20:00,0.6
242,2018.05.15 15:30,0.8
243,2018.05.15 15:30,0.8
244,2018.05.16 17:30,0.65
245,2018.05.17 15:30,0.8
246,2018.05.17 15:30,0.65
247,2018.05.23 16:45,0.75
248,2018.05.23 16:45,0.6
249,2018.05.23 17:00,0.6
250,2018.05.23 17:30,0.4
251,2018.05.24 15:30,0.4
252,2018.05.24 17:00,0.6
253,2018.05.25 15:30,0.3
254,2018.05.25 16:20,0.5
255,2018.05.29 17:00,0.65
256,2018.05.30 15:15,0.4
257,2018.05.30 15:30,0.4
258,2018.05.31 15:30,0.8
259,2018.05.31 15:30,0.6
260,2018.05.31 15:30,0.6
261,2018.05.31 16:45,0.8
262,2018.05.31 18:00,0.65
263,2018.06.01 15:30,0.8
264,2018.06.01 15:30,0.8
265,2018.06.01 15:30,0.8
266,2018.06.01 16:45,0.6
267,2018.06.01 17:00,0.8
268,2018.06.01 17:00,0.6
269,2018.06.05 16:45,0.8
270,2018.06.05 17:00,0.8
271,2018.06.05 17:00,0.6
272,2018.06.05 17:00,0.6
273,2018.06.06 17:30,0.4
274,2018.06.07 15:30,0.4
275,2018.06.11 20:00,0.6
276,2018.06.12 15:30,0.5
277,2018.06.12 15:30,0.6
278,2018.06.12 15:30,0.5
279,2018.06.12 15:30,0.4
280,2018.06.12 15:30,0.5
281,2018.06.12 20:00,0.5
282,2018.06.13 15:30,0.8
283,2018.06.13 17:30,0.8
284,2018.06.13 21:00,0.8
285,2018.06.13 21:30,0.5
286,2018.06.14 15:30,0.9
287,2018.06.14 15:30,0.75
288,2018.06.14 15:30,0.9
289,2018.06.20 16:30,0.5
290,2018.06.20 17:00,0.5
291,2018.06.20 17:30,0.8
292,2018.06.21 15:30,0.3
293,2018.06.21 15:30,0.65
294,2018.06.21 20:00,0.5
295,2018.06.22 16:45,0.4
296,2018.06.22 16:45,0.65
297,2018.06.25 17:00,0.8
298,2018.06.26 17:00,0.4
299,2018.06.27 15:30,0.3
300,2018.06.27 17:30,0.8
301,2018.06.28 15:30,0.5
302,2018.06.28 15:30,0.4
303,2018.06.28 15:30,0.4
304,2018.06.29 15:30,0.5
305,2018.06.29 15:30,0.4
306,2018.06.29 16:45,0.8
307,2018.07.02 16:45,0.8
308,2018.07.02 17:00,0.8
309,2018.07.02 17:00,0.6
310,2018.07.05 15:15,0.65
311,2018.07.05 15:30,0.4
312,2018.07.05 16:45,0.8
313,2018.07.05 17:00,0.8
314,2018.07.05 17:00,0.4
315,2018.07.05 18:00,0.4
316,2018.07.06 15:30,0.8
317,2018.07.06 15:30,0.4
318,2018.07.10 17:00,0.6
319,2018.07.11 15:30,0.4
320,2018.07.11 17:30,0.8
321,2018.07.11 20:08,0.6
322,2018.07.12 15:30,0.3
323,2018.07.12 15:30,0.6
324,2018.07.12 15:30,0.8
325,2018.07.12 15:30,0.6
326,2018.07.12 15:30,0.3
327,2018.07.12 15:30,0.5
328,2018.07.12 20:00,0.6
329,2018.07.16 15:30,0.8
330,2018.07.17 17:00,0.5
331,2018.07.18 17:00,0.5
332,2018.07.18 17:30,0.4
333,2018.07.19 15:30,0.6
334,2018.07.19 15:30,0.8
335,2018.07.23 17:00,0.4
336,2018.07.24 16:45,0.65
337,2018.07.24 16:45,0.6
338,2018.07.25 17:00,0.4
339,2018.07.25 17:30,0.65
340,2018.07.26 15:30,0.8
341,2018.07.26 15:30,0.65
342,2018.07.27 15:30,0.85
343,2018.07.31 15:30,0.5
344,2018.07.31 15:30,0.5
345,2018.07.31 16:45,0.8
346,2018.07.31 17:00,0.6
347,2018.08.01 15:15,0.8
348,2018.08.01 16:45,0.4
349,2018.08.01 17:00,0.6
350,2018.08.01 17:00,0.4
351,2018.08.01 17:30,0.4
352,2018.08.01 21:00,0.5
353,2018.08.02 15:30,0.6
354,2018.08.03 15:30,0.8
355,2018.08.03 15:30,0.4
356,2018.08.03 15:30,0.6
357,2018.08.03 16:45,0.5
358,2018.08.03 17:00,0.65
359,2018.08.03 17:00,0.4
360,2018.08.07 17:00,0.6
361,2018.08.08 17:30,0.65
362,2018.08.09 15:30,0.75
363,2018.08.09 15:30,0.5
364,2018.08.09 20:00,0.6
365,2018.08.10 15:30,0.5
366,2018.08.10 15:30,0.6
367,2018.08.10 15:30,0.5
368,2018.08.10 15:30,0.9
369,2018.08.10 15:30,0.5
370,2018.08.15 15:30,0.8
371,2018.08.15 15:30,0.8
372,2018.08.15 17:30,0.4
373,2018.08.16 15:30,0.75
374,2018.08.16 15:30,0.3
375,2018.08.22 17:00,0.4
376,2018.08.22 17:30,0.8
377,2018.08.23 15:30,0.8
378,2018.08.23 16:45,0.4
379,2018.08.23 16:45,0.4
380,2018.08.23 17:00,0.4
381,2018.08.24 15:30,0.3
382,2018.08.24 17:00,0.5
383,2018.08.28 17:00,0.8
384,2018.08.29 15:30,0.5
385,2018.08.29 17:30,0.65
386,2018.08.30 15:30,0.6
387,2018.08.30 15:30,0.5
388,2018.08.30 15:30,0.8
389,2018.08.31 16:45,0.5
390,2018.09.04 16:45,0.75
391,2018.09.04 17:00,0.8
392,2018.09.04 17:00,0.6
393,2018.09.06 15:15,0.4
394,2018.09.06 15:30,0.8
395,2018.09.06 16:45,0.4
396,2018.09.06 17:00,0.6
397,2018.09.06 17:00,0.8
398,2018.09.06 18:00,0.65
399,2018.09.07 15:30,0.8
400,2018.09.07 15:30,0.8
401,2018.09.11 17:00,0.6
402,2018.09.12 15:30,0.3
403,2018.09.12 17:30,0.8
404,2018.09.12 20:03,0.5
405,2018.09.13 15:30,0.5
406,2018.09.13 15:30,0.8
407,2018.09.13 15:30,0.5
408,2018.09.13 15:30,0.6
409,2018.09.13 15:30,0.3
410,2018.09.13 20:00,0.5
411,2018.09.14 15:30,0.3
412,2018.09.14 15:30,0.5
413,2018.09.19 17:30,0.6
414,2018.09.20 15:30,0.8
415,2018.09.20 15:30,0.85
416,2018.09.20 17:00,0.5
417,2018.09.21 16:45,0.8
418,2018.09.21 16:45,0.4
419,2018.09.25 17:00,0.8
420,2018.09.26 17:00,0.4
421,2018.09.26 17:30,0.4
422,2018.09.26 21:00,0.5
423,2018.09.26 21:30,0.5
424,2018.09.27 15:30,0.8
425,2018.09.27 15:30,0.4
426,2018.09.27 15:30,0.5
427,2018.09.27 15:30,0.85
428,2018.09.27 23:30,0.5
429,2018.09.28 15:30,0.5
430,2018.09.28 15:30,0.5
431,2018.09.28 16:45,0.4
432,2018.10.01 16:45,0.65
433,2018.10.01 17:00,0.4
434,2018.10.01 17:00,0.6
435,2018.10.02 19:45,0.5
436,2018.10.03 15:15,0.8
437,2018.10.03 16:45,0.6
438,2018.10.03 17:00,0.65
439,2018.10.03 17:00,0.8
440,2018.10.03 17:30,0.3
441,2018.10.03 23:00,0.5
442,2018.10.04 15:30,0.6
443,2018.10.05 15:30,0.3
444,2018.10.05 15:30,0.8
445,2018.10.10 15:30,0.8
446,2018.10.10 20:00,0.6
447,2018.10.11 15:30,0.8
448,2018.10.11 15:30,0.6
449,2018.10.11 15:30,0.3
450,2018.10.11 15:30,0.3
451,2018.10.11 15:30,0.4
452,2018.10.11 15:30,0.6
453,2018.10.11 18:00,0.6
454,2018.10.11 20:00,0.6
455,2018.10.15 15:30,0.3
456,2018.10.15 15:30,0.3
457,2018.10.16 17:00,0.8
458,2018.10.17 17:30,0.4
459,2018.10.18 15:30,0.65
460,2018.10.18 15:30,0.6
461,2018.10.19 17:00,0.4
462,2018.10.24 16:45,0.8
463,2018.10.24 16:45,0.6
464,2018.10.24 17:00,0.4
465,2018.10.24 17:30,0.4
466,2018.10.25 15:30,0.9
467,2018.10.25 15:30,0.4
468,2018.10.26 15:30,0.4
469,2018.10.29 15:30,0.9
470,2018.10.29 15:30,0.5
471,2018.10.30 17:00,0.8
472,2018.10.31 15:15,0.8
473,2018.10.31 16:45,0.4
474,2018.10.31 17:30,0.4
475,2018.11.01 15:30,0.5
476,2018.11.01 16:45,0.5
477,2018.11.01 17:00,0.4
478,2018.11.01 17:00,0.6
479,2018.11.02 15:30,0.9
480,2018.11.02 15:30,0.5
481,2018.11.05 17:45,0.75
482,2018.11.05 18:00,0.6
483,2018.11.05 18:00,0.6
484,2018.11.06 18:00,0.65
485,2018.11.06 21:00,0.5
486,2018.11.07 18:30,0.4
487,2018.11.07 21:00,0.6
488,2018.11.08 16:30,0.5
489,2018.11.08 22:00,0.5
490,2018.11.09 16:30,0.9
491,2018.11.14 16:30,0.5
492,2018.11.14 16:30,0.6
493,2018.11.14 16:30,0.5
494,2018.11.14 16:30,0.4
495,2018.11.14 16:30,0.9
496,2018.11.15 02:00,0.5
497,2018.11.15 16:30,0.9
498,2018.11.15 16:30,0.85
499,2018.11.15 16:30,0.4
500,2018.11.15 16:30,0.4
501,2018.11.15 19:00,0.4
502,2018.11.15 19:30,0.5
503,2018.11.21 16:30,0.4
504,2018.11.21 16:30,0.3
505,2018.11.21 18:00,0.6
506,2018.11.21 18:30,0.6
507,2018.11.23 17:45,0.6
508,2018.11.23 17:45,0.4
509,2018.11.27 18:00,0.4
510,2018.11.28 16:30,0.8
511,2018.11.28 18:30,0.6
512,2018.11.28 20:00,0.5
513,2018.11.29 16:30,0.3
514,2018.11.29 16:30,0.6
515,2018.11.29 16:30,0.5
516,2018.11.30 17:45,0.8
517,2018.12.03 17:45,0.4
518,2018.12.03 18:00,0.8
519,2018.12.03 18:00,0.4
520,2018.12.06 16:15,0.4
521,2018.12.06 16:30,0.4
522,2018.12.06 17:45,0.65
523,2018.12.06 18:00,0.65
524,2018.12.06 18:00,0.8
525,2018.12.06 19:00,0.8
526,2018.12.07 02:45,0.5
527,2018.12.07 16:30,0.3
528,2018.12.07 16:30,0.4
529,2018.12.10 18:00,0.8
530,2018.12.11 16:30,0.5
531,2018.12.12 16:30,0.5
532,2018.12.12 16:30,0.5
533,2018.12.12 16:30,0.5
534,2018.12.12 16:30,0.2
535,2018.12.12 16:30,0.5
536,2018.12.12 18:30,0.6
537,2018.12.12 21:00,0.6
538,2018.12.13 16:30,0.75
539,2018.12.13 21:00,0.5
540,2018.12.14 16:30,0.3
541,2018.12.14 16:30,0.3
542,2018.12.14 17:45,0.4
543,2018.12.14 17:45,0.4
544,2018.12.19 18:00,0.75
545,2018.12.19 18:30,0.6
546,2018.12.19 22:00,0.5
547,2018.12.19 22:30,0.5
548,2018.12.20 16:30,0.4
549,2018.12.20 16:30,0.4
550,2018.12.21 16:30,0.3
551,2018.12.21 16:30,0.8
552,2018.12.21 16:30,0.3
553,2018.12.21 18:00,0.5
554,2018.12.21 18:00,0.5
555,2018.12.27 16:30,0.4
556,2018.12.27 18:00,0.4
557,2018.12.28 17:45,0.6
558,2018.12.28 19:00,0.4
559,2019.01.02 17:45,0.4
560,2019.01.03 16:15,0.8
561,2019.01.03 16:30,0.4
562,2019.01.03 18:00,0.4
563,2019.01.03 18:00,0.4
564,2019.01.04 16:30,0.5
565,2019.01.04 16:30,0.9
566,2019.01.04 16:30,0.3
567,2019.01.04 17:45,0.8
568,2019.01.04 18:15,0.5
569,2019.01.04 19:00,0.4
570,2019.01.07 18:00,0.4
571,2019.01.07 18:00,0.4
572,2019.01.08 18:00,0.6
573,2019.01.09 18:30,0.65
574,2019.01.09 21:00,0.6
575,2019.01.10 16:30,0.8
576,2019.01.10 20:45,0.5
577,2019.01.10 21:00,0.6
578,2019.01.11 16:30,0.5
579,2019.01.11 16:30,0.5
580,2019.01.11 16:30,0.4
581,2019.01.11 16:30,0.5
582,2019.01.11 16:30,0.1
583,2019.01.15 16:30,0.3
584,2019.01.16 18:30,0.65
585,2019.01.17 16:30,0.75
586,2019.01.17 16:30,0.85
587,2019.01.22 18:00,0.4
588,2019.01.24 16:30,0.8
589,2019.01.24 17:45,0.6
590,2019.01.24 17:45,0.8
591,2019.01.24 19:00,0.4
592,2019.01.29 18:00,0.4
593,2019.01.30 16:15,0.4
594,2019.01.30 18:30,0.6
595,2019.01.30 22:00,0.5
596,2019.01.30 22:30,0.5
597,2019.01.31 16:30,0.3
598,2019.01.31 17:45,0.4
599,2019.01.31 18:00,0.8
600,2019.02.01 16:30,0.3
601,2019.02.01 16:30,0.8
602,2019.02.01 16:30,0.3
603,2019.02.01 17:45,0.5
604,2019.02.01 18:00,0.8
605,2019.02.01 18:00,0.6
606,2019.02.05 17:45,0.5
607,2019.02.05 18:00,0.6
608,2019.02.05 18:00,0.4
609,2019.02.06 18:30,0.6
610,2019.02.06 21:00,0.6
611,2019.02.07 03:00,0.5
612,2019.02.07 16:30,0.6
613,2019.02.07 21:00,0.5
614,2019.02.12 18:00,0.8
615,2019.02.12 19:00,0.5
616,2019.02.12 20:45,0.5
617,2019.02.13 16:30,0.5
618,2019.02.13 16:30,0.5
619,2019.02.13 16:30,0.3
620,2019.02.13 16:30,0.3
621,2019.02.13 16:30,0.5
622,2019.02.13 18:30,0.4
623,2019.02.14 16:30,0.3
624,2019.02.14 16:30,0.4
625,2019.02.14 16:30,0.3
626,2019.02.14 16:30,0.3
627,2019.02.21 16:30,0.2
628,2019.02.21 16:30,0.8
629,2019.02.21 16:30,0.8
630,2019.02.21 17:45,0.4
631,2019.02.21 17:45,0.8
632,2019.02.21 18:00,0.4
633,2019.02.21 19:00,0.4
634,2019.02.26 17:45,0.5
635,2019.02.26 18:00,0.8
636,2019.02.27 18:00,0.5
637,2019.02.27 18:30,0.8
638,2019.02.28 16:30,0.6
639,2019.02.28 16:30,0.4
640,2019.02.28 17:45,0.8
641,2019.03.01 04:15,0.5
642,2019.03.01 16:30,0.9
643,2019.03.01 16:30,0.5
644,2019.03.01 17:45,0.4
645,2019.03.01 18:00,0.6
646,2019.03.01 18:00,0.4
647,2019.03.05 17:45,0.5
648,2019.03.05 18:00,0.8
649,2019.03.05 18:00,0.6
650,2019.03.05 18:00,0.6
651,2019.03.06 16:15,0.4
652,2019.03.06 18:30,0.4
653,2019.03.07 16:30,0.8
654,2019.03.08 16:30,0.6
655,2019.03.08 16:30,0.4
656,2019.03.08 16:30,0.3
657,2019.03.09 06:00,0.5
658,2019.03.11 02:00,0.5
659,2019.03.11 15:30,0.85
660,2019.03.11 15:30,0.6
661,2019.03.12 02:00,0.5
662,2019.03.12 15:30,0.5
663,2019.03.12 15:30,0.6
664,2019.03.12 15:30,0.4
665,2019.03.12 15:30,0.3
666,2019.03.12 15:30,0.5
667,2019.03.12 20:00,0.6
668,2019.03.13 15:30,0.5
669,2019.03.13 15:30,0.8
670,2019.03.13 17:30,0.8
671,2019.03.13 20:00,0.5
672,2019.03.14 15:30,0.4
673,2019.03.14 17:00,0.4
674,2019.03.15 17:00,0.8
675,2019.03.20 17:30,0.8
676,2019.03.20 21:00,0.5
677,2019.03.20 21:30,0.5
678,2019.03.21 15:30,0.6
679,2019.03.21 15:30,0.85
680,2019.03.22 16:45,0.4
681,2019.03.22 16:45,0.4
682,2019.03.22 17:00,0.8
683,2019.03.26 17:00,0.4
684,2019.03.27 17:30,0.4
685,2019.03.28 15:30,0.8
686,2019.03.28 15:30,0.8
687,2019.03.29 15:30,0.4
688,2019.03.29 15:30,0.5
689,2019.03.29 16:45,0.4
690,2019.03.29 17:00,0.8
691,2019.04.01 15:30,0.3
692,2019.04.01 15:30,0.3
693,2019.04.01 16:45,0.5
694,2019.04.01 17:00,0.6
695,2019.04.01 17:00,0.6
696,2019.04.02 15:30,0.3
697,2019.04.03 15:15,0.4
698,2019.04.03 16:45,0.75
699,2019.04.03 17:00,0.6
700,2019.04.03 17:00,0.4
701,2019.04.03 17:30,0.4
702,2019.04.04 15:30,0.8
703,2019.04.05 15:30,0.8
704,2019.04.05 15:30,0.3
705,2019.04.09 17:00,0.6
706,2019.04.10 15:30,0.4
707,2019.04.10 15:30,0.3
708,2019.04.10 15:30,0.3
709,2019.04.10 15:30,0.6
710,2019.04.10 15:30,0.9
711,2019.04.10 17:30,0.4
712,2019.04.10 20:00,0.6
713,2019.04.11 15:30,0.8
714,2019.04.11 15:30,0.9
715,2019.04.11 20:00,0.5
716,2019.04.17 17:30,0.65
717,2019.04.18 15:30,0.4
718,2019.04.18 15:30,0.9
719,2019.04.18 15:30,0.9
720,2019.04.18 15:30,0.8
721,2019.04.18 16:45,0.4
722,2019.04.18 16:45,0.5
723,2019.04.22 17:00,0.6
724,2019.04.23 17:00,0.8
725,2019.04.24 17:30,0.4
726,2019.04.25 15:30,0.4
727,2019.04.25 15:30,0.3
728,2019.04.26 15:30,0.85
729,2019.04.29 15:30,0.5
730,2019.04.29 15:30,0.6
731,2019.04.30 16:45,0.4
732,2019.04.30 17:00,0.8
733,2019.05.01 15:15,0.8
734,2019.05.01 16:45,0.75
735,2019.05.01 17:00,0.4
736,2019.05.01 17:00,0.4
737,2019.05.01 17:30,0.4
738,2019.05.01 21:00,0.5
739,2019.05.01 21:30,0.5
740,2019.05.02 15:30,0.3
741,2019.05.03 15:30,0.8
742,2019.05.03 15:30,0.4
743,2019.05.03 15:30,0.8
744,2019.05.03 16:45,0.65
745,2019.05.03 17:00,0.4
746,2019.05.03 17:00,0.4
747,2019.05.07 17:00,0.8
748,2019.05.08 17:30,0.8
749,2019.05.08 20:00,0.6
750,2019.05.09 15:30,0.3
751,2019.05.09 15:30,0.4
752,2019.05.09 15:30,0.5
753,2019.05.09 20:00,0.5
754,2019.05.10 15:30,0.6
755,2019.05.10 15:30,0.3
756,2019.05.10 15:30,0.3
757,2019.05.10 15:30,0.3
758,2019.05.10 15:30,0.3
759,2019.05.15 15:30,0.5
760,2019.05.15 15:30,0.3
761,2019.05.15 17:30,0.4
762,2019.05.16 15:30,0.8
763,2019.05.16 15:30,0.85
764,2019.05.21 02:00,0.5
765,2019.05.21 17:00,0.5
766,2019.05.22 17:30,0.4
767,2019.05.23 15:30,0.6
768,2019.05.23 16:45,0.4
769,2019.05.23 16:45,0.4
770,2019.05.23 17:00,0.4
771,2019.05.24 15:30,0.3
772,2019.05.28 17:00,0.8
773,2019.05.30 15:30,0.5
774,2019.05.30 15:30,0.4
775,2019.05.30 18:00,0.65
776,2019.05.31 15:30,0.6
777,2019.05.31 15:30,0.9
778,2019.05.31 16:45,0.4
779,2019.06.03 16:45,0.5
780,2019.06.03 17:00,0.4
781,2019.06.03 17:00,0.6
782,2019.06.04 16:55,0.5
783,2019.06.05 15:15,0.3
784,2019.06.05 16:45,0.5
785,2019.06.05 17:00,0.6
786,2019.06.05 17:00,0.6
787,2019.06.05 17:30,0.4
788,2019.06.06 15:30,0.4
789,2019.06.07 15:30,0.3
790,2019.06.07 15:30,0.3
791,2019.06.10 17:00,0.6
792,2019.06.11 15:30,0.5
793,2019.06.12 15:30,0.6
794,2019.06.12 15:30,0.3
795,2019.06.12 15:30,0.3
796,2019.06.12 15:30,0.3
797,2019.06.12 15:30,0.3
798,2019.06.12 17:30,0.6
799,2019.06.12 20:00,0.5
800,2019.06.13 15:30,0.4
801,2019.06.13 20:00,0.5
802,2019.06.14 15:30,0.9
803,2019.06.14 15:30,0.85
804,2019.06.19 17:30,0.65
805,2019.06.19 21:00,0.5
806,2019.06.19 21:30,0.5
807,2019.06.20 15:30,0.2
808,2019.06.20 15:30,0.75
809,2019.06.21 16:45,0.5
810,2019.06.21 16:45,0.4
811,2019.06.21 17:00,0.75
812,2019.06.25 17:00,0.4
813,2019.06.25 17:00,0.4
814,2019.06.25 20:00,0.5
815,2019.06.26 15:30,0.4
816,2019.06.26 17:30,0.8
817,2019.06.27 15:30,0.8
818,2019.06.27 15:30,0.5
819,2019.06.27 15:30,0.4
820,2019.06.28 15:30,0.8
821,2019.06.28 15:30,0.5
822,2019.06.28 16:45,0.4
823,2019.07.01 17:00,0.6
824,2019.07.01 17:00,0.4
825,2019.07.03 15:15,0.3
826,2019.07.03 15:30,0.6
827,2019.07.03 16:45,0.75
828,2019.07.03 17:00,0.4
829,2019.07.03 17:00,0.65
830,2019.07.03 17:30,0.4
831,2019.07.05 15:30,0.8
832,2019.07.05 15:30,0.4
833,2019.07.09 15:45,0.5
834,2019.07.09 17:00,0.6
835,2019.07.10 17:00,0.5
836,2019.07.10 17:30,0.8
837,2019.07.10 20:00,0.6
838,2019.07.11 15:30,0.8
839,2019.07.11 15:30,0.6
840,2019.07.11 15:30,0.8
841,2019.07.11 15:30,0.9
842,2019.07.11 15:30,0.3
843,2019.07.11 15:30,0.4
844,2019.07.11 17:00,0.5
845,2019.07.11 20:00,0.6
846,2019.07.12 15:30,0.5
847,2019.07.16 15:30,0.6
848,2019.07.16 15:30,0.6
849,2019.07.16 20:00,0.5
850,2019.07.17 17:30,0.6
851,2019.07.18 15:30,0.6
852,2019.07.18 15:30,0.85
853,2019.07.23 17:00,0.6
854,2019.07.24 16:45,0.4
855,2019.07.24 16:45,0.75
856,2019.07.24 17:00,0.75
857,2019.07.24 17:30,0.8
858,2019.07.25 15:30,0.8
859,2019.07.25 15:30,0.8
860,2019.07.26 15:30,0.6
861,2019.07.26 15:30,0.3
862,2019.07.30 15:30,0.5
863,2019.07.30 15:30,0.8
864,2019.07.30 17:00,0.8
865,2019.07.31 15:15,0.8
866,2019.07.31 16:45,0.4
867,2019.07.31 17:30,0.65
868,2019.07.31 21:00,0.5
869,2019.07.31 21:30,0.5
870,2019.08.01 15:30,0.6
871,2019.08.01 16:45,0.75
872,2019.08.01 17:00,0.6
873,2019.08.01 17:00,0.4
874,2019.08.02 15:30,0.8
875,2019.08.02 15:30,0.4
876,2019.08.02 15:30,0.4
877,2019.08.05 16:45,0.8
878,2019.08.05 17:00,0.6
879,2019.08.05 17:00,0.4
880,2019.08.06 17:00,0.6
881,2019.08.07 17:30,0.4
882,2019.08.07 20:00,0.4
883,2019.08.08 15:30,0.8
884,2019.08.08 20:00,0.4
885,2019.08.09 15:30,0.8
886,2019.08.13 15:30,0.6
887,2019.08.13 15:30,0.3
888,2019.08.13 15:30,0.3
889,2019.08.13 15:30,0.5
890,2019.08.13 15:30,0.9
891,2019.08.14 17:30,0.6
892,2019.08.15 15:30,0.6
893,2019.08.15 15:30,0.9
894,2019.08.15 15:30,0.4
895,2019.08.15 15:30,0.9
896,2019.08.21 17:00,0.8
897,2019.08.21 17:30,0.65
898,2019.08.22 15:30,0.8
899,2019.08.22 16:45,0.4
900,2019.08.22 16:45,0.4
901,2019.08.23 17:00,0.5
902,2019.08.23 17:00,0.5
903,2019.08.26 15:30,0.8
904,2019.08.27 17:00,0.75
905,2019.08.28 17:30,0.8
906,2019.08.29 15:30,0.5
907,2019.08.29 15:30,0.4
908,2019.08.29 15:30,0.4
909,2019.08.30 15:30,0.8
910,2019.08.30 15:30,0.5
911,2019.08.30 16:45,0.8
912,2019.09.03 16:45,0.75
913,2019.09.03 17:00,0.4
914,2019.09.03 17:00,0.6
915,2019.09.05 15:15,0.8
916,2019.09.05 15:30,0.5
917,2019.09.05 16:45,0.5
918,2019.09.05 17:00,0.6
919,2019.09.05 17:00,0.8
920,2019.09.05 18:00,0.6
921,2019.09.06 15:30,0.3
922,2019.09.06 15:30,0.8
923,2019.09.06 19:30,0.5
924,2019.09.10 17:00,0.6
925,2019.09.11 17:30,0.8
926,2019.09.11 20:00,0.6
927,2019.09.12 15:30,0.6
928,2019.09.12 15:30,0.8
929,2019.09.12 15:30,0.8
930,2019.09.12 15:30,0.6
931,2019.09.12 15:30,0.8
932,2019.09.12 15:30,0.5
933,2019.09.12 20:00,0.5
934,2019.09.13 15:30,0.3
935,2019.09.13 15:30,0.6
936,2019.09.18 17:30,0.4
937,2019.09.18 21:00,0.5
938,2019.09.18 21:30,0.5
939,2019.09.19 15:30,0.8
940,2019.09.19 15:30,0.4
941,2019.09.19 17:00,0.75
942,2019.09.23 16:45,0.8
943,2019.09.23 16:45,0.75
944,2019.09.24 17:00,0.4
945,2019.09.25 17:00,0.8
946,2019.09.25 17:30,0.4
947,2019.09.26 15:30,0.5
948,2019.09.26 15:30,0.5
949,2019.09.27 15:30,0.4
950,2019.09.27 15:30,0.8
951,2019.09.27 15:30,0.5
952,2019.09.30 16:45,0.4
953,2019.10.01 16:45,0.75
954,2019.10.01 17:00,0.6
955,2019.10.01 17:00,0.4
956,2019.10.02 15:15,0.4
957,2019.10.02 17:30,0.4
958,2019.10.03 15:30,0.4
959,2019.10.03 16:45,0.5
960,2019.10.03 17:00,0.65
961,2019.10.03 17:00,0.4
962,2019.10.04 15:30,0.3
963,2019.10.04 15:30,0.4
964,2019.10.04 15:30,0.8
965,2019.10.04 21:00,0.5
966,2019.10.07 20:00,0.5
967,2019.10.08 15:30,0.3
968,2019.10.08 21:30,0.5
969,2019.10.09 17:00,0.6
970,2019.10.09 17:30,0.4
971,2019.10.09 18:00,0.5
972,2019.10.09 20:00,0.5
973,2019.10.10 15:30,0.3
974,2019.10.10 15:30,0.6
975,2019.10.10 15:30,0.6
976,2019.10.10 15:30,0.3
977,2019.10.10 15:30,0.5
978,2019.10.10 15:30,0.6
979,2019.10.10 20:00,0.5
980,2019.10.16 15:30,0.3
981,2019.10.16 15:30,0.3
982,2019.10.17 15:30,0.4
983,2019.10.17 15:30,0.3
984,2019.10.17 18:00,0.3
985,2019.10.22 17:00,0.6
986,2019.10.23 17:30,0.8
987,2019.10.24 15:30,0.3
988,2019.10.24 15:30,0.6
989,2019.10.24 16:45,0.6
990,2019.10.24 16:45,0.75
991,2019.10.24 17:00,0.65
992,2019.10.29 17:00,0.4
993,2019.10.30 15:15,0.4
994,2019.10.30 15:30,0.4
995,2019.10.30 15:30,0.3
996,2019.10.30 17:30,0.4
997,2019.10.30 21:00,0.4
998,2019.10.30 21:30,0.5
999,2019.10.31 15:30,0.5
1000,2019.10.31 15:30,0.5
1001,2019.10.31 15:30,0.4
1002,2019.10.31 16:45,0.4
1003,2019.11.01 15:30,0.3
1004,2019.11.01 15:30,0.4
1005,2019.11.01 15:30,0.3
1006,2019.11.01 16:45,0.5
1007,2019.11.01 17:00,0.6
1008,2019.11.01 17:00,0.6
1009,2019.11.05 17:45,0.5
1010,2019.11.05 18:00,0.6
1011,2019.11.05 18:00,0.6
1012,2019.11.05 18:00,0.6
1013,2019.11.06 18:30,0.4
1014,2019.11.06 21:00,0.6
1015,2019.11.07 16:30,0.75
1016,2019.11.07 21:00,0.6
1017,2019.11.13 16:30,0.8
1018,2019.11.13 16:30,0.8
1019,2019.11.13 16:30,0.6
1020,2019.11.13 16:30,0.5
1021,2019.11.13 16:30,0.9
1022,2019.11.13 19:00,0.5
1023,2019.11.14 16:30,0.4
1024,2019.11.14 16:30,0.9
1025,2019.11.14 18:00,0.5
1026,2019.11.14 19:00,0.6
1027,2019.11.15 16:30,0.6
1028,2019.11.15 16:30,0.6
1029,2019.11.20 18:30,0.6
1030,2019.11.21 16:30,0.4
1031,2019.11.21 16:30,0.4
1032,2019.11.21 18:00,0.75
1033,2019.11.22 17:45,0.8
1034,2019.11.22 17:45,0.75
1035,2019.11.26 03:00,0.5
1036,2019.11.26 18:00,0.65
1037,2019.11.26 18:00,0.8
1038,2019.11.27 16:30,0.8
1039,2019.11.27 16:30,0.5
1040,2019.11.27 16:30,0.8
1041,2019.11.27 17:45,0.6
1042,2019.11.27 18:00,0.6
1043,2019.11.27 18:00,0.5
1044,2019.11.27 18:30,0.6
1045,2019.12.02 17:45,0.75
1046,2019.12.02 18:00,0.6
1047,2019.12.02 18:00,0.4
1048,2019.12.04 16:15,0.3
1049,2019.12.04 17:45,0.5
1050,2019.12.04 18:00,0.4
1051,2019.12.04 18:00,0.65
1052,2019.12.04 18:30,0.65
1053,2019.12.05 16:30,0.8
1054,2019.12.06 16:30,0.9
1055,2019.12.06 16:30,0.3
1056,2019.12.10 21:00,0.6
1057,2019.12.11 16:30,0.5
1058,2019.12.11 16:30,0.65
1059,2019.12.11 16:30,0.5
1060,2019.12.11 16:30,0.3
1061,2019.12.11 16:30,0.3
1062,2019.12.11 18:30,0.4
1063,2019.12.11 22:00,0.5
1064,2019.12.11 22:30,0.5
1065,2019.12.12 16:30,0.3
1066,2019.12.12 16:30,0.3
1067,2019.12.12 21:00,0.5
1068,2019.12.13 16:30,0.3
1069,2019.12.13 16:30,0.4
1070,2019.12.16 17:45,0.75
1071,2019.12.16 17:45,0.6
1072,2019.12.17 18:00,0.75
1073,2019.12.18 18:30,0.6
1074,2019.12.19 16:30,0.4
1075,2019.12.19 16:30,0.3
1076,2019.12.19 18:00,0.5
1077,2019.12.20 16:30,0.5
1078,2019.12.20 16:30,0.8
1079,2019.12.20 18:00,0.5
1080,2019.12.20 18:00,0.5
1081,2019.12.23 16:30,0.3
1082,2019.12.23 18:00,0.8
1083,2019.12.26 16:30,0.6
1084,2019.12.27 19:00,0.8
1085,2019.12.30 17:45,0.75
1086,2019.12.31 18:00,0.8
1087,2020.01.02 16:30,0.5
1088,2020.01.02 17:45,0.5
1089,2020.01.03 18:00,0.4
1090,2020.01.03 18:00,0.6
1091,2020.01.03 19:00,0.8
1092,2020.01.06 17:45,0.75
1093,2020.01.07 18:00,0.6
1094,2020.01.07 18:00,0.8
1095,2020.01.08 16:15,0.85
1096,2020.01.08 18:30,0.4
1097,2020.01.08 21:00,0.6
1098,2020.01.09 16:30,0.8
1099,2020.01.10 16:30,0.3
1100,2020.01.10 16:30,0.5
1101,2020.01.10 16:30,0.3
1102,2020.01.14 16:30,0.6
1103,2020.01.14 16:30,0.65
1104,2020.01.14 16:30,0.1
1105,2020.01.14 16:30,0.3
1106,2020.01.14 16:30,0.5
1107,2020.01.15 16:30,0.5
1108,2020.01.15 18:30,0.6
1109,2020.01.16 16:30,0.9
1110,2020.01.16 16:30,0.8
1111,2020.01.16 16:30,0.6
1112,2020.01.16 16:30,0.85
1113,2020.01.17 18:00,0.6
1114,2020.01.22 18:00,0.75
1115,2020.01.23 16:30,0.6
1116,2020.01.23 19:00,0.6
1117,2020.01.24 17:45,0.4
1118,2020.01.24 17:45,0.75
1119,2020.01.27 18:00,0.6
1120,2020.01.28 16:30,0.85
1121,2020.01.28 18:00,0.8
1122,2020.01.29 18:30,0.4
1123,2020.01.29 22:00,0.5
1124,2020.01.29 22:30,0.5
1125,2020.01.30 16:30,0.6
1126,2020.01.30 16:30,0.8
1127,2020.01.30 16:30,0.8
1128,2020.01.31 16:30,0.8
1129,2020.01.31 16:30,0.5
1130,2020.01.31 17:45,0.4
1131,2020.02.03 17:45,0.75
1132,2020.02.03 18:00,0.6
1133,2020.02.03 18:00,0.8
1134,2020.02.05 16:15,0.8
1135,2020.02.05 17:45,0.65
1136,2020.02.05 18:00,0.8
1137,2020.02.05 18:00,0.6
1138,2020.02.05 18:30,0.4
1139,2020.02.06 16:30,0.8
1140,2020.02.07 16:30,0.8
1141,2020.02.07 16:30,0.3
1142,2020.02.07 16:30,0.4
1143,2020.02.11 18:00,0.5
1144,2020.02.11 18:00,0.4
1145,2020.02.12 18:00,0.5
1146,2020.02.12 18:30,0.4
1147,2020.02.12 21:00,0.5
1148,2020.02.13 16:30,0.8
1149,2020.02.13 16:30,0.8
1150,2020.02.13 16:30,0.6
1151,2020.02.13 16:30,0.6
1152,2020.02.13 16:30,0.3
1153,2020.02.13 16:30,0.9
1154,2020.02.13 21:00,0.5
1155,2020.02.14 16:30,0.5
1156,2020.02.14 16:30,0.5
1157,2020.02.19 16:30,0.9
1158,2020.02.20 16:30,0.9
1159,2020.02.20 16:30,0.6
1160,2020.02.20 19:00,0.6
1161,2020.02.21 17:45,0.4
1162,2020.02.21 17:45,0.4
1163,2020.02.21 18:00,0.6
1164,2020.02.25 18:00,0.6
1165,2020.02.26 18:00,0.8
1166,2020.02.26 18:30,0.4
1167,2020.02.27 16:30,0.4
1168,2020.02.27 16:30,0.4
1169,2020.02.27 16:30,0.5
1170,2020.02.27 16:30,0.5
1171,2020.02.28 16:30,0.5
1172,2020.02.28 16:30,0.5
1173,2020.02.28 17:45,0.8
1174,2020.03.02 17:45,0.5
1175,2020.03.02 18:00,0.65
1176,2020.03.02 18:00,0.4
1177,2020.03.03 18:00,0.3
1178,2020.03.03 19:00,0.5
1179,2020.03.04 16:15,0.6
1180,2020.03.04 17:45,0.5
1181,2020.03.04 18:00,0.8
1182,2020.03.04 18:00,0.4
1183,2020.03.04 18:30,0.4
1184,2020.03.05 16:30,0.6
1185,2020.03.06 16:30,0.85
1186,2020.03.06 16:30,0.4
1187,2020.03.06 16:30,0.6
1188,2020.03.11 15:30,0.5
1189,2020.03.11 15:30,0.6
1190,2020.03.11 15:30,0.8
1191,2020.03.11 15:30,0.6
1192,2020.03.11 15:30,0.3
1193,2020.03.11 17:30,0.4
1194,2020.03.11 20:00,0.4
1195,2020.03.12 15:30,0.8
1196,2020.03.12 15:30,0.3
1197,2020.03.12 20:00,0.4
1198,2020.03.16 00:00,0.5
1199,2020.03.16 01:30,0.5
1200,2020.03.17 15:30,0.3
1201,2020.03.17 15:30,0.3
1202,2020.03.17 17:00,0.75
1203,2020.03.18 17:30,0.6
1204,2020.03.19 15:30,0.3
1205,2020.03.19 15:30,0.2
1206,2020.03.20 17:00,0.8
1207,2020.03.24 16:45,0.3
1208,2020.03.24 16:45,0.4
1209,2020.03.24 17:00,0.8
1210,2020.03.25 15:30,0.9
1211,2020.03.25 17:30,0.6
1212,2020.03.26 15:30,0.3
1213,2020.03.26 15:30,0.5
1214,2020.03.26 15:30,0.5
1215,2020.03.27 15:30,0.8
1216,2020.03.27 15:30,0.4
1217,2020.03.31 16:45,0.65
1218,2020.03.31 17:00,0.4
1219,2020.04.01 15:15,0.2
1220,2020.04.01 16:45,0.4
1221,2020.04.01 17:00,0.4
1222,2020.04.01 17:00,0.6
1223,2020.04.01 17:30,0.4
1224,2020.04.02 15:30,0.2
1225,2020.04.03 15:30,0.2
1226,2020.04.03 15:30,0.3
1227,2020.04.03 15:30,0.8
1228,2020.04.03 16:45,0.75
1229,2020.04.03 17:00,0.4
1230,2020.04.03 17:00,0.6
1231,2020.04.07 17:00,0.6
1232,2020.04.07 20:00,0.5
1233,2020.04.08 17:30,0.4
1234,2020.04.08 20:00,0.6
1235,2020.04.09 15:30,0.3
1236,2020.04.09 15:30,0.3
1237,2020.04.09 17:00,0.5
1238,2020.04.10 15:30,0.3
1239,2020.04.10 15:30,0.2
1240,2020.04.10 15:30,0.3
1241,2020.04.10 15:30,0.6
1242,2020.04.10 15:30,0.5
1243,2020.04.15 15:30,0.3
1244,2020.04.15 15:30,0.3
1245,2020.04.15 17:30,0.4
1246,2020.04.16 15:30,0.3
1247,2020.04.16 15:30,0.2
1248,2020.04.21 17:00,0.4
1249,2020.04.22 17:30,0.4
1250,2020.04.23 15:30,0.8
1251,2020.04.23 16:45,0.3
1252,2020.04.23 16:45,0.3
1253,2020.04.23 17:00,0.4
1254,2020.04.24 15:30,0.3
1255,2020.04.28 17:00,0.3
1256,2020.04.29 15:30,0.3
1257,2020.04.29 15:30,0.3
1258,2020.04.29 17:30,0.6
1259,2020.04.29 21:00,0.5
1260,2020.04.29 21:30,0.5
1261,2020.04.30 15:30,0.3
1262,2020.04.30 15:30,0.5
1263,2020.04.30 15:30,0.8
1264,2020.04.30 16:45,0.3
1265,2020.05.01 16:45,0.4
1266,2020.05.01 17:00,0.6
1267,2020.05.01 17:00,0.3
1268,2020.05.05 16:45,0.5
1269,2020.05.05 17:00,0.6
1270,2020.05.05 17:00,0.3
1271,2020.05.06 15:15,0.2
1272,2020.05.06 17:30,0.6
1273,2020.05.07 15:30,0.8
1274,2020.05.08 15:30,0.9
1275,2020.05.08 15:30,0.2
1276,2020.05.12 15:30,0.3
1277,2020.05.12 15:30,0.6
1278,2020.05.12 15:30,0.3
1279,2020.05.12 15:30,0.3
1280,2020.05.12 15:30,0.3
1281,2020.05.12 20:00,0.5
1282,2020.05.13 15:30,0.4
1283,2020.05.13 16:00,0.5
1284,2020.05.13 17:30,0.65
1285,2020.05.13 20:00,0.6
1286,2020.05.14 15:30,0.4
1287,2020.05.15 15:30,0.3
1288,2020.05.15 15:30,0.3
1289,2020.05.15 17:00,0.4
1290,2020.05.19 17:00,0.5
1291,2020.05.20 17:30,0.8
1292,2020.05.21 15:30,0.3
1293,2020.05.21 15:30,0.4
1294,2020.05.21 16:45,0.8
1295,2020.05.21 16:45,0.85
1296,2020.05.21 17:00,0.4
1297,2020.05.21 21:30,0.5
1298,2020.05.26 17:00,0.4
1299,2020.05.26 17:00,0.3
1300,2020.05.28 15:30,0.9
1301,2020.05.28 15:30,0.6
1302,2020.05.28 15:30,0.3
1303,2020.05.28 15:30,0.3
1304,2020.05.28 18:00,0.4
1305,2020.05.29 15:30,0.3
1306,2020.05.29 15:30,0.3
1307,2020.05.29 16:45,0.4
1308,2020.06.01 16:45,0.5
1309,2020.06.01 17:00,0.6
1310,2020.06.01 17:00,0.6
1311,2020.06.03 15:15,0.8
1312,2020.06.03 16:45,0.75
1313,2020.06.03 17:00,0.6
1314,2020.06.03 17:00,0.4
1315,2020.06.03 17:30,0.6
1316,2020.06.04 15:30,0.8
1317,2020.06.05 15:30,0.8
1318,2020.06.05 15:30,0.3
1319,2020.06.09 17:00,0.4
1320,2020.06.09 20:00,0.6
1321,2020.06.10 15:30,0.8
1322,2020.06.10 15:30,0.9
1323,2020.06.10 15:30,0.8
1324,2020.06.10 15:30,0.3
1325,2020.06.10 15:30,0.6
1326,2020.06.10 17:30,0.4
1327,2020.06.10 21:00,0.5
1328,2020.06.10 21:30,0.5
1329,2020.06.11 15:30,0.3
1330,2020.06.11 15:30,0.9
1331,2020.06.11 20:00,0.6
1332,2020.06.16 15:30,0.8
1333,2020.06.16 15:30,0.8
1334,2020.06.16 17:00,0.5
1335,2020.06.17 17:30,0.4
1336,2020.06.17 19:00,0.5
1337,2020.06.18 15:30,0.8
1338,2020.06.18 15:30,0.3
1339,2020.06.19 20:00,0.5
1340,2020.06.22 17:00,0.4
1341,2020.06.23 16:45,0.6
1342,2020.06.23 16:45,0.8
1343,2020.06.23 17:00,0.8
1344,2020.06.24 17:30,0.4
1345,2020.06.25 15:30,0.9
1346,2020.06.25 15:30,0.85
1347,2020.06.25 15:30,0.6
1348,2020.06.26 15:30,0.4
1349,2020.06.30 16:45,0.4
1350,2020.06.30 17:00,0.85
1351,2020.06.30 19:30,0.5
1352,2020.07.01 15:15,0.8
1353,2020.07.01 16:45,0.65
1354,2020.07.01 17:00,0.8
1355,2020.07.01 17:00,0.6
1356,2020.07.01 17:30,0.8
1357,2020.07.02 15:30,0.9
1358,2020.07.02 15:30,0.8
1359,2020.07.02 15:30,0.3
1360,2020.07.02 15:30,0.8
1361,2020.07.06 16:45,0.75
1362,2020.07.06 17:00,0.8
1363,2020.07.06 17:00,0.8
1364,2020.07.07 17:00,0.8
1365,2020.07.08 17:30,0.4
1366,2020.07.08 20:00,0.5
1367,2020.07.09 15:30,0.4
1368,2020.07.09 20:00,0.4
1369,2020.07.10 15:30,0.5
1370,2020.07.14 15:30,0.9
1371,2020.07.14 15:30,0.8
1372,2020.07.14 15:30,0.8
1373,2020.07.14 15:30,0.9
1374,2020.07.14 15:30,0.9
1375,2020.07.15 17:30,0.8
1376,2020.07.16 15:30,0.6
1377,2020.07.16 15:30,0.6
1378,2020.07.16 15:30,0.3
1379,2020.07.16 15:30,0.3
1380,2020.07.22 17:00,0.8
1381,2020.07.22 17:30,0.4
1382,2020.07.23 15:30,0.3
1383,2020.07.24 16:45,0.4
1384,2020.07.24 16:45,0.8
1385,2020.07.24 17:00,0.8
1386,2020.07.27 15:30,0.4
1387,2020.07.28 17:00,0.6
1388,2020.07.29 17:30,0.8
1389,2020.07.29 21:00,0.5
1390,2020.07.29 21:30,0.5
1391,2020.07.30 15:30,0.3
1392,2020.07.30 15:30,0.3
1393,2020.07.30 15:30,0.3
1394,2020.07.31 15:30,0.8
1395,2020.07.31 15:30,0.6
1396,2020.07.31 16:45,0.8
1397,2020.08.03 16:45,0.4
1398,2020.08.03 17:00,0.8
1399,2020.08.03 17:00,0.6
1400,2020.08.05 15:15,0.3
1401,2020.08.05 16:45,0.8
1402,2020.08.05 17:00,0.8
1403,2020.08.05 17:00,0.4
1404,2020.08.05 17:30,0.65
1405,2020.08.06 15:30,0.8
1406,2020.08.07 15:30,0.8
1407,2020.08.07 15:30,0.3
1408,2020.08.10 17:00,0.8
1409,2020.08.11 15:30,0.9
1410,2020.08.12 15:30,0.3
1411,2020.08.12 15:30,0.8
1412,2020.08.12 15:30,0.8
1413,2020.08.12 15:30,0.9
1414,2020.08.12 15:30,0.8
1415,2020.08.12 17:30,0.6
1416,2020.08.12 20:00,0.6
1417,2020.08.13 20:00,0.6
1418,2020.08.14 15:30,0.3
1419,2020.08.14 15:30,0.3
1420,2020.08.19 17:30,0.6
1421,2020.08.20 15:30,0.8
1422,2020.08.20 15:30,0.3
1423,2020.08.21 16:45,0.8
1424,2020.08.21 16:45,0.8
1425,2020.08.21 17:00,0.8
1426,2020.08.25 17:00,0.8
1427,2020.08.25 17:00,0.4
1428,2020.08.26 15:30,0.85
1429,2020.08.26 17:30,0.65
1430,2020.08.27 15:30,0.8
1431,2020.08.27 15:30,0.6
1432,2020.08.27 15:30,0.6
1433,2020.08.27 16:10,0.5
1434,2020.08.28 15:30,0.8
1435,2020.08.28 15:30,0.8
1436,2020.08.28 16:45,0.65
1437,2020.09.01 16:45,0.4
1438,2020.09.01 17:00,0.8
1439,2020.09.01 17:00,0.6
1440,2020.09.02 15:15,0.3
1441,2020.09.02 17:30,0.8
1442,2020.09.03 15:30,0.8
1443,2020.09.03 16:45,0.65
1444,2020.09.03 17:00,0.8
1445,2020.09.03 17:00,0.8
1446,2020.09.04 15:30,0.9
1447,2020.09.04 15:30,0.8
1448,2020.09.09 17:00,0.8
1449,2020.09.09 20:00,0.6
1450,2020.09.10 15:30,0.8
1451,2020.09.10 15:30,0.8
1452,2020.09.10 18:00,0.4
1453,2020.09.10 20:00,0.65
1454,2020.09.11 15:30,0.3
1455,2020.09.11 15:30,0.8
1456,2020.09.11 15:30,0.3
1457,2020.09.11 15:30,0.6
1458,2020.09.11 15:30,0.5
1459,2020.09.16 15:30,0.3
1460,2020.09.16 15:30,0.3
1461,2020.09.16 17:30,0.65
1462,2020.09.16 21:00,0.5
1463,2020.09.16 21:30,0.5
1464,2020.09.17 15:30,0.8
1465,2020.09.17 15:30,0.75
1466,2020.09.22 17:00,0.6
1467,2020.09.22 17:30,0.5
1468,2020.09.23 16:45,0.4
1469,2020.09.23 16:45,0.75
1470,2020.09.23 17:00,0.5
1471,2020.09.23 17:30,0.6
1472,2020.09.24 15:30,0.6
1473,2020.09.24 17:00,0.5
1474,2020.09.24 17:00,0.8
1475,2020.09.25 15:30,0.3
1476,2020.09.29 17:00,0.85
1477,2020.09.30 15:15,0.9
1478,2020.09.30 15:30,0.6
1479,2020.09.30 15:30,0.6
1480,2020.09.30 16:45,0.8
1481,2020.09.30 17:30,0.6
1482,2020.10.01 15:30,0.9
1483,2020.10.01 15:30,0.8
1484,2020.10.01 15:30,0.8
1485,2020.10.01 16:45,0.5
1486,2020.10.01 17:00,0.6
1487,2020.10.01 17:00,0.8
1488,2020.10.02 15:30,0.3
1489,2020.10.02 15:30,0.8
1490,2020.10.02 15:30,0.3
1491,2020.10.05 16:45,0.5
1492,2020.10.05 17:00,0.8
1493,2020.10.05 17:00,0.6
1494,2020.10.06 17:00,0.8
1495,2020.10.06 17:40,0.5
1496,2020.10.07 20:00,0.6
1497,2020.10.08 15:30,0.65
1498,2020.10.08 20:00,0.6
1499,2020.10.13 15:30,0.5
1500,2020.10.13 15:30,0.6
1501,2020.10.13 15:30,0.3
1502,2020.10.13 15:30,0.5
1503,2020.10.13 15:30,0.3
1504,2020.10.14 15:30,0.8
1505,2020.10.15 15:30,0.3
1506,2020.10.15 15:30,0.85
1507,2020.10.15 18:00,0.65
1508,2020.10.16 15:30,0.8
1509,2020.10.16 15:30,0.8
1510,2020.10.19 15:00,0.5
1511,2020.10.21 17:30,0.6
1512,2020.10.22 15:30,0.8
1513,2020.10.22 17:00,0.8
1514,2020.10.23 16:45,0.8
1515,2020.10.23 16:45,0.5
1516,2020.10.26 17:00,0.5
1517,2020.10.27 15:30,0.85
1518,2020.10.27 17:00,0.6
1519,2020.10.28 17:30,0.4
1520,2020.10.29 15:30,0.8
1521,2020.10.29 15:30,0.8
1522,2020.10.29 15:30,0.8
1523,2020.10.30 15:30,0.4
1524,2020.10.30 15:30,0.8
1525,2020.10.30 16:45,0.65
1526,2020.11.02 17:45,0.6
1527,2020.11.02 18:00,0.6
1528,2020.11.02 18:00,0.8
1529,2020.11.04 16:15,0.3
1530,2020.11.04 17:45,0.75
1531,2020.11.04 18:00,0.65
1532,2020.11.04 18:00,0.6
1533,2020.11.04 18:30,0.8
1534,2020.11.05 16:30,0.6
1535,2020.11.05 22:00,0.5
1536,2020.11.05 22:30,0.5
1537,2020.11.06 16:30,0.9
1538,2020.11.06 16:30,0.3
1539,2020.11.10 18:00,0.8
1540,2020.11.10 21:00,0.6
1541,2020.11.12 16:30,0.8
1542,2020.11.12 16:30,0.5
1543,2020.11.12 16:30,0.3
1544,2020.11.12 16:30,0.3
1545,2020.11.12 16:30,0.6
1546,2020.11.12 16:30,0.3
1547,2020.11.12 19:00,0.4
1548,2020.11.12 21:00,0.6
1549,2020.11.13 16:30,0.3
1550,2020.11.17 16:30,0.3
1551,2020.11.17 16:30,0.85
1552,2020.11.17 21:00,0.5
1553,2020.11.18 18:30,0.4
1554,2020.11.19 16:30,0.8
1555,2020.11.19 16:30,0.4
1556,2020.11.19 18:00,0.8
1557,2020.11.23 17:45,0.8
1558,2020.11.23 17:45,0.8
1559,2020.11.24 18:00,0.4
1560,2020.11.25 16:30,0.65
1561,2020.11.25 16:30,0.85
1562,2020.11.25 16:30,0.5
1563,2020.11.25 16:30,0.4
1564,2020.11.25 18:00,0.6
1565,2020.11.25 18:00,0.3
1566,2020.11.25 18:00,0.8
1567,2020.11.25 18:30,0.65
1568,2020.11.30 17:45,0.4
1569,2020.12.01 17:45,0.5
1570,2020.12.01 18:00,0.6
1571,2020.12.01 18:00,0.6
1572,2020.12.01 18:00,0.5
1573,2020.12.02 16:15,0.8
1574,2020.12.02 18:00,0.5
1575,2020.12.02 18:30,0.6
1576,2020.12.03 16:30,0.8
1577,2020.12.03 17:45,0.75
1578,2020.12.03 18:00,0.65
1579,2020.12.03 18:00,0.6
1580,2020.12.04 16:30,0.3
1581,2020.12.04 16:30,0.8
1582,2020.12.04 16:30,0.3
1583,2020.12.09 18:00,0.8
1584,2020.12.09 18:30,0.3
1585,2020.12.09 21:00,0.5
1586,2020.12.10 16:30,0.5
1587,2020.12.10 16:30,0.3
1588,2020.12.10 16:30,0.5
1589,2020.12.10 16:30,0.5
1590,2020.12.10 16:30,0.6
1591,2020.12.10 16:30,0.5
1592,2020.12.10 21:00,0.5
1593,2020.12.11 16:30,0.3
1594,2020.12.16 16:30,0.3
1595,2020.12.16 16:30,0.3
1596,2020.12.16 17:45,0.4
1597,2020.12.16 17:45,0.5
1598,2020.12.16 18:30,0.8
1599,2020.12.16 22:00,0.5
1600,2020.12.16 22:30,0.5
1601,2020.12.17 16:30,0.85
1602,2020.12.17 16:30,0.3
1603,2020.12.22 16:30,0.75
1604,2020.12.22 16:30,0.75
1605,2020.12.22 18:00,0.4
1606,2020.12.22 18:00,0.6
1607,2020.12.23 16:30,0.3
1608,2020.12.23 16:30,0.5
1609,2020.12.23 16:30,0.8
1610,2020.12.23 16:30,0.5
1611,2020.12.23 18:00,0.4
1612,2020.12.23 18:30,0.65
1613,2020.12.30 17:45,0.6
1614,2020.12.30 18:30,0.8
1615,2020.12.31 16:30,0.8
1616,2021.01.04 17:45,0.8
1617,2021.01.05 18:00,0.8
1618,2021.01.06 16:15,0.8
1619,2021.01.06 17:45,0.4
1620,2021.01.06 18:30,0.8
1621,2021.01.07 16:30,0.6
1622,2021.01.07 18:00,0.6
1623,2021.01.07 18:00,0.8
1624,2021.01.08 16:30,0.2
1625,2021.01.08 16:30,0.8
1626,2021.01.08 16:30,0.65
1627,2021.01.12 18:00,0.6
1628,2021.01.12 21:00,0.6
1629,2021.01.13 16:30,0.6
1630,2021.01.13 16:30,0.3
1631,2021.01.13 16:30,0.3
1632,2021.01.13 16:30,0.2
1633,2021.01.13 16:30,0.8
1634,2021.01.13 18:30,0.6
1635,2021.01.13 21:00,0.6
1636,2021.01.14 16:30,0.3
1637,2021.01.14 20:30,0.5
1638,2021.01.15 16:30,0.3
1639,2021.01.15 16:30,0.4
1640,2021.01.15 16:30,0.3
1641,2021.01.21 16:30,0.4
1642,2021.01.21 16:30,0.9
1643,2021.01.22 17:45,0.8
1644,2021.01.22 17:45,0.8
1645,2021.01.22 18:00,0.6
1646,2021.01.22 19:00,0.4
1647,2021.01.26 18:00,0.4
1648,2021.01.27 16:30,0.3
1649,2021.01.27 18:30,0.8
1650,2021.01.27 22:00,0.5
1651,2021.01.27 22:30,0.5
1652,2021.01.28 16:30,0.3
1653,2021.01.28 16:30,0.4
1654,2021.01.28 16:30,0.8
1655,2021.01.28 18:00,0.8
1656,2021.01.29 16:30,0.9
1657,2021.01.29 16:30,0.4
1658,2021.01.29 17:45,0.8
1659,2021.02.01 17:45,0.75
1660,2021.02.01 18:00,0.4
1661,2021.02.01 18:00,0.6
1662,2021.02.03 16:15,0.8
1663,2021.02.03 17:45,0.75
1664,2021.02.03 18:00,0.6
1665,2021.02.03 18:00,0.8
1666,2021.02.03 18:30,0.6
1667,2021.02.04 16:30,0.8
1668,2021.02.05 16:30,0.85
1669,2021.02.05 16:30,0.3
1670,2021.02.05 16:30,0.8
1671,2021.02.09 18:00,0.75
1672,2021.02.10 16:30,0.6
1673,2021.02.10 16:30,0.8
1674,2021.02.10 16:30,0.3
1675,2021.02.10 16:30,0.4
1676,2021.02.10 16:30,0.3
1677,2021.02.10 18:30,0.8
1678,2021.02.10 21:00,0.6
1679,2021.02.10 22:00,0.5
1680,2021.02.11 16:30,0.65
1681,2021.02.11 21:00,0.6
1682,2021.02.17 16:30,0.85
1683,2021.02.17 16:30,0.8
1684,2021.02.18 16:30,0.4
1685,2021.02.18 16:30,0.4
1686,2021.02.18 19:00,0.8
1687,2021.02.19 17:45,0.4
1688,2021.02.19 17:45,0.8
1689,2021.02.19 18:00,0.4
1690,2021.02.23 18:00,0.5
1691,2021.02.23 18:00,0.8
1692,2021.02.24 18:00,0.5
1693,2021.02.24 18:00,0.8
1694,2021.02.24 18:30,0.4
1695,2021.02.25 16:30,0.8
1696,2021.02.25 16:30,0.75
1697,2021.02.25 16:30,0.5
1698,2021.02.25 16:30,0.9
1699,2021.02.26 16:30,0.5
1700,2021.02.26 16:30,0.9
1701,2021.02.26 17:45,0.4
1702,2021.03.01 17:45,0.6
1703,2021.03.01 18:00,0.6
1704,2021.03.01 18:00,0.8
1705,2021.03.03 16:15,0.9
1706,2021.03.03 17:45,0.75
1707,2021.03.03 18:00,0.65
1708,2021.03.03 18:00,0.5
1709,2021.03.03 18:30,0.3
1710,2021.03.04 16:30,0.6
1711,2021.03.04 20:05,0.5
1712,2021.03.05 16:30,0.8
1713,2021.03.05 16:30,0.8
1714,2021.03.05 16:30,0.3
1715,2021.03.10 16:30,0.8
1716,2021.03.10 16:30,0.6
1717,2021.03.10 16:30,0.9
1718,2021.03.10 16:30,0.5
1719,2021.03.10 16:30,0.8
1720,2021.03.10 18:30,0.4
1721,2021.03.10 21:00,0.6
1722,2021.03.11 16:30,0.8
1723,2021.03.11 18:00,0.75
1724,2021.03.11 21:00,0.6
1725,2021.03.12 16:30,0.4
1726,2021.03.16 15:30,0.3
1727,2021.03.16 15:30,0.3
1728,2021.03.17 17:30,0.4
1729,2021.03.17 21:00,0.5
1730,2021.03.17 21:30,0.5
1731,2021.03.18 15:30,0.85
1732,2021.03.18 15:30,0.3
1733,2021.03.18 18:55,0.5
1734,2021.03.22 16:00,0.5
1735,2021.03.22 17:00,0.4
1736,2021.03.23 17:00,0.3
1737,2021.03.23 19:00,0.5
1738,2021.03.24 15:30,0.3
1739,2021.03.24 16:45,0.75
1740,2021.03.24 16:45,0.75
1741,2021.03.24 17:00,0.5
1742,2021.03.24 17:30,0.6
1743,2021.03.25 15:30,0.8
1744,2021.03.25 15:30,0.4
1745,2021.03.25 15:30,0.8
1746,2021.03.26 15:30,0.5
1747,2021.03.26 15:30,0.6
1748,2021.03.30 17:00,0.85
1749,2021.03.31 15:15,0.9
1750,2021.03.31 16:45,0.8
1751,2021.03.31 17:30,0.65
1752,2021.04.01 15:30,0.6
1753,2021.04.01 16:45,0.75
1754,2021.04.01 17:00,0.8
1755,2021.04.01 17:00,0.6
1756,2021.04.02 15:30,0.9
1757,2021.04.02 15:30,0.3
1758,2021.04.02 15:30,0.8
1759,2021.04.05 16:45,0.75
1760,2021.04.05 17:00,0.8
1761,2021.04.05 17:00,0.8
1762,2021.04.06 17:00,0.8
1763,2021.04.07 17:30,0.65
1764,2021.04.08 15:30,0.3
1765,2021.04.08 19:00,0.5
1766,2021.04.09 15:30,0.9
1767,2021.04.12 20:00,0.6
1768,2021.04.13 15:30,0.8
1769,2021.04.13 15:30,0.8
1770,2021.04.13 15:30,0.5
1771,2021.04.13 15:30,0.3
1772,2021.04.13 15:30,0.8
1773,2021.04.13 20:00,0.6
1774,2021.04.14 17:30,0.8
1775,2021.04.14 19:00,0.5
1776,2021.04.15 15:30,0.85
1777,2021.04.15 15:30,0.85
1778,2021.04.15 15:30,0.8
1779,2021.04.15 15:30,0.8
1780,2021.04.21 17:30,0.6
1781,2021.04.22 15:30,0.8
1782,2021.04.22 17:00,0.65
1783,2021.04.23 16:45,0.8
1784,2021.04.23 16:45,0.8
1785,2021.04.23 17:00,0.85
1786,2021.04.26 15:30,0.85
1787,2021.04.27 17:00,0.85
1788,2021.04.28 17:30,0.6
1789,2021.04.28 21:00,0.5
1790,2021.04.28 21:30,0.5
1791,2021.04.29 15:30,0.8
1792,2021.04.29 15:30,0.6
1793,2021.04.29 15:30,0.4
1794,2021.04.30 15:30,0.9
1795,2021.04.30 15:30,0.8
1796,2021.04.30 16:45,0.8
1797,2021.05.03 16:45,0.5
1798,2021.05.03 17:00,0.6
1799,2021.05.03 17:00,0.4
1800,2021.05.03 21:20,0.5
1801,2021.05.05 15:15,0.8
1802,2021.05.05 16:45,0.75
1803,2021.05.05 17:00,0.6
1804,2021.05.05 17:00,0.6
1805,2021.05.05 17:30,0.8
1806,2021.05.06 15:30,0.8
1807,2021.05.07 15:30,0.9
1808,2021.05.07 15:30,0.8
1809,2021.05.11 17:00,0.8
1810,2021.05.12 15:30,0.8
1811,2021.05.12 15:30,0.6
1812,2021.05.12 15:30,0.9
1813,2021.05.12 15:30,0.8
1814,2021.05.12 15:30,0.3
1815,2021.05.12 17:30,0.65
1816,2021.05.12 20:00,0.6
1817,2021.05.13 15:30,0.4
1818,2021.05.13 15:30,0.8
1819,2021.05.13 20:00,0.6
1820,2021.05.14 15:30,0.6
1821,2021.05.14 15:30,0.6
1822,2021.05.19 17:30,0.4
1823,2021.05.20 15:30,0.6
1824,2021.05.20 15:30,0.8
1825,2021.05.21 16:45,0.8
1826,2021.05.21 16:45,0.8
1827,2021.05.21 17:00,0.6
1828,2021.05.25 17:00,0.6
1829,2021.05.25 17:00,0.4
1830,2021.05.26 17:30,0.65
1831,2021.05.27 15:30,0.8
1832,2021.05.27 15:30,0.8
1833,2021.05.27 15:30,0.3
1834,2021.05.27 15:30,0.5
1835,2021.05.28 15:30,0.9
1836,2021.05.28 15:30,0.8
1837,2021.05.28 16:45,0.8
1838,2021.06.01 16:45,0.75
1839,2021.06.01 17:00,0.5
1840,2021.06.01 17:00,0.6
1841,2021.06.03 15:15,0.8
1842,2021.06.03 15:30,0.8
1843,2021.06.03 16:45,0.75
1844,2021.06.03 17:00,0.8
1845,2021.06.03 17:00,0.6
1846,2021.06.03 18:00,0.8
1847,2021.06.04 14:00,0.5
1848,2021.06.04 15:30,0.6
1849,2021.06.04 15:30,0.8
1850,2021.06.08 17:00,0.8
1851,2021.06.09 17:30,0.8
1852,2021.06.09 20:00,0.5
1853,2021.06.10 15:30,0.8
1854,2021.06.10 15:30,0.3
1855,2021.06.10 15:30,0.3
1856,2021.06.10 15:30,0.8
1857,2021.06.10 15:30,0.3
1858,2021.06.10 15:30,0.6
1859,2021.06.10 20:00,0.5
1860,2021.06.15 15:30,0.3
1861,2021.06.15 15:30,0.9
1862,2021.06.15 15:30,0.3
1863,2021.06.16 17:30,0.8
1864,2021.06.16 21:00,0.5
1865,2021.06.16 21:30,0.5
1866,2021.06.17 15:30,0.4
1867,2021.06.17 15:30,0.4
1868,2021.06.22 17:00,0.4
1869,2021.06.22 21:00,0.5
1870,2021.06.23 16:45,0.8
1871,2021.06.23 16:45,0.4
1872,2021.06.23 17:00,0.4
1873,2021.06.23 17:30,0.8
1874,2021.06.24 15:30,0.4
1875,2021.06.24 15:30,0.4
1876,2021.06.24 15:30,0.8
1877,2021.06.24 15:30,0.5
1878,2021.06.25 15:30,0.5
1879,2021.06.25 15:30,0.4
1880,2021.06.29 17:00,0.8
1881,2021.06.30 15:15,0.4
1882,2021.06.30 16:45,0.4
1883,2021.06.30 17:30,0.65
1884,2021.07.01 15:30,0.8
1885,2021.07.01 16:45,0.4
1886,2021.07.01 17:00,0.4
1887,2021.07.01 17:00,0.6
1888,2021.07.02 15:30,0.9
1889,2021.07.02 15:30,0.3
1890,2021.07.02 15:30,0.6
1891,2021.07.06 16:45,0.5
1892,2021.07.06 17:00,0.4
1893,2021.07.06 17:00,0.6
1894,2021.07.07 17:00,0.65
1895,2021.07.08 15:30,0.3
1896,2021.07.08 18:00,0.8
1897,2021.07.12 20:00,0.4
1898,2021.07.13 15:30,0.6
1899,2021.07.13 15:30,0.6
1900,2021.07.13 15:30,0.9
1901,2021.07.13 15:30,0.8
1902,2021.07.13 15:30,0.9
1903,2021.07.13 20:00,0.5
1904,2021.07.14 15:30,0.9
1905,2021.07.14 17:30,0.8
1906,2021.07.14 19:00,0.5
1907,2021.07.15 15:30,0.8
1908,2021.07.15 15:30,0.4
1909,2021.07.15 16:30,0.5
1910,2021.07.16 15:30,0.85
1911,2021.07.16 15:30,0.3
1912,2021.07.21 17:30,0.4
1913,2021.07.22 15:30,0.4
1914,2021.07.22 17:00,0.6
1915,2021.07.23 16:45,0.8
1916,2021.07.26 17:00,0.4
1917,2021.07.27 15:30,0.3
1918,2021.07.27 17:00,0.8
1919,2021.07.28 17:30,0.8
1920,2021.07.28 21:00,0.5
1921,2021.07.28 21:30,0.5
1922,2021.07.29 15:30,0.6
1923,2021.07.29 15:30,0.5
1924,2021.07.29 15:30,0.85
1925,2021.07.30 15:30,0.4
1926,2021.07.30 15:30,0.4
1927,2021.07.30 16:45,0.8
1928,2021.08.02 16:45,0.75
1929,2021.08.02 17:00,0.4
1930,2021.08.02 17:00,0.6
1931,2021.08.04 15:15,0.3
1932,2021.08.04 16:45,0.65
1933,2021.08.04 17:00,0.65
1934,2021.08.04 17:00,0.8
1935,2021.08.04 17:30,0.4
1936,2021.08.05 15:30,0.8
1937,2021.08.06 15:30,0.9
1938,2021.08.06 15:30,0.5
1939,2021.08.09 17:00,0.8
1940,2021.08.11 15:30,0.6
1941,2021.08.11 15:30,0.3
1942,2021.08.11 15:30,0.3
1943,2021.08.11 15:30,0.3
1944,2021.08.11 15:30,0.5
1945,2021.08.11 17:30,0.6
1946,2021.08.11 20:00,0.6
1947,2021.08.12 15:30,0.8
1948,2021.08.12 15:30,0.9
1949,2021.08.12 20:00,0.6
1950,2021.08.17 15:30,0.3
1951,2021.08.17 15:30,0.3
1952,2021.08.17 20:30,0.5
1953,2021.08.18 17:30,0.8
1954,2021.08.19 15:30,0.8
1955,2021.08.19 15:30,0.3
1956,2021.08.23 16:45,0.4
1957,2021.08.23 16:45,0.4
1958,2021.08.23 17:00,0.8
1959,2021.08.24 17:00,0.6
1960,2021.08.25 15:30,0.6
1961,2021.08.25 17:30,0.6
1962,2021.08.26 15:30,0.6
1963,2021.08.26 15:30,0.8
1964,2021.08.26 15:30,0.75
1965,2021.08.27 15:30,0.3
1966,2021.08.27 15:30,0.4
1967,2021.08.27 17:00,0.5
1968,2021.08.31 16:45,0.4
1969,2021.08.31 17:00,0.3
1970,2021.09.01 15:15,0.6
1971,2021.09.01 16:45,0.5
1972,2021.09.01 17:00,0.6
1973,2021.09.01 17:00,0.6
1974,2021.09.01 17:30,0.8
1975,2021.09.02 15:30,0.8
1976,2021.09.03 15:30,0.8
1977,2021.09.03 15:30,0.8
1978,2021.09.03 15:30,0.8
1979,2021.09.03 16:45,0.5
1980,2021.09.03 17:00,0.4
1981,2021.09.03 17:00,0.4
1982,2021.09.08 17:00,0.8
1983,2021.09.08 20:00,0.5
1984,2021.09.09 15:30,0.8
1985,2021.09.09 18:00,0.6
1986,2021.09.09 20:00,0.5
1987,2021.09.10 15:30,0.5
1988,2021.09.14 15:30,0.3
1989,2021.09.14 15:30,0.3
1990,2021.09.14 15:30,0.1
1991,2021.09.14 15:30,0.6
1992,2021.09.14 15:30,0.6
1993,2021.09.15 17:30,0.8
1994,2021.09.16 15:30,0.85
1995,2021.09.16 15:30,0.4
1996,2021.09.16 15:30,0.6
1997,2021.09.16 15:30,0.8
1998,2021.09.22 17:00,0.65
1999,2021.09.22 17:30,0.65
2000,2021.09.22 21:00,0.5
2001,2021.09.22 21:30,0.5
2002,2021.09.23 15:30,0.4
2003,2021.09.23 16:45,0.4
2004,2021.09.24 17:00,0.8
2005,2021.09.24 17:00,0.5
2006,2021.09.27 15:30,0.9
2007,2021.09.28 17:00,0.5
2008,2021.09.28 17:00,0.4
2009,2021.09.29 17:30,0.4
2010,2021.09.29 18:45,0.5
2011,2021.09.30 15:30,0.4
2012,2021.09.30 15:30,0.75
2013,2021.09.30 15:30,0.8
2014,2021.09.30 16:45,0.4
2015,2021.09.30 17:00,0.5
2016,2021.10.01 15:30,0.4
2017,2021.10.01 15:30,0.6
2018,2021.10.01 16:45,0.75
2019,2021.10.01 17:00,0.8
2020,2021.10.01 17:00,0.6
2021,2021.10.05 16:45,0.75
2022,2021.10.05 17:00,0.6
2023,2021.10.05 17:00,0.4
2024,2021.10.06 15:15,0.8
2025,2021.10.06 17:30,0.4
2026,2021.10.07 15:30,0.8
2027,2021.10.08 15:30,0.8
2028,2021.10.08 15:30,0.8
2029,2021.10.12 17:00,0.6
2030,2021.10.12 20:00,0.6
2031,2021.10.13 15:30,0.5
2032,2021.10.13 15:30,0.6
2033,2021.10.13 15:30,0.5
2034,2021.10.13 15:30,0.5
2035,2021.10.13 15:30,0.6
2036,2021.10.13 20:00,0.6
2037,2021.10.14 15:30,0.3
2038,2021.10.14 15:30,0.8
2039,2021.10.14 18:00,0.4
2040,2021.10.15 15:30,0.8
2041,2021.10.15 15:30,0.9
2042,2021.10.20 17:30,0.6
2043,2021.10.21 15:30,0.8
2044,2021.10.21 15:30,0.6
2045,2021.10.21 17:00,0.8
2046,2021.10.22 16:45,0.8
2047,2021.10.22 16:45,0.4
2048,2021.10.22 18:00,0.5
2049,2021.10.26 17:00,0.8
2050,2021.10.26 17:00,0.8
2051,2021.10.27 15:30,0.3
2052,2021.10.27 17:30,0.3
2053,2021.10.28 15:30,0.2
2054,2021.10.28 15:30,0.75
2055,2021.10.28 15:30,0.3
2056,2021.10.29 15:30,0.3
2057,2021.10.29 15:30,0.6
2058,2021.10.29 16:45,0.8
2059,2021.11.01 16:45,0.4
2060,2021.11.01 17:00,0.6
2061,2021.11.01 17:00,0.4
2062,2021.11.03 15:15,0.8
2063,2021.11.03 16:45,0.75
2064,2021.11.03 17:00,0.6
2065,2021.11.03 17:00,0.8
2066,2021.11.03 17:30,0.4
2067,2021.11.03 21:00,0.5
2068,2021.11.03 21:30,0.5
2069,2021.11.04 15:30,0.6
2070,2021.11.05 15:30,0.9
2071,2021.11.05 15:30,0.3
2072,2021.11.08 18:30,0.5
2073,2021.11.09 16:30,0.4
2074,2021.11.09 17:00,0.5
2075,2021.11.09 21:00,0.5
2076,2021.11.10 16:30,0.6
2077,2021.11.10 16:30,0.75
2078,2021.11.10 16:30,0.9
2079,2021.11.10 16:30,0.9
2080,2021.11.10 16:30,0.8
2081,2021.11.10 16:30,0.9
2082,2021.11.10 18:30,0.4
2083,2021.11.10 21:00,0.5
2084,2021.11.12 18:00,0.6
2085,2021.11.16 16:30,0.85
2086,2021.11.16 16:30,0.8
2087,2021.11.17 18:30,0.8
2088,2021.11.18 16:30,0.8
2089,2021.11.22 18:00,0.5
2090,2021.11.23 17:45,0.75
2091,2021.11.23 17:45,0.4
2092,2021.11.24 16:30,0.8
2093,2021.11.24 16:30,0.6
2094,2021.11.24 16:30,0.5
2095,2021.11.24 16:30,0.8
2096,2021.11.24 18:00,0.5
2097,2021.11.24 18:00,0.4
2098,2021.11.24 18:00,0.6
2099,2021.11.24 18:30,0.4
2100,2021.11.29 23:05,0.5
2101,2021.11.30 17:45,0.4
2102,2021.11.30 18:00,0.5
2103,2021.11.30 18:00,0.4
2104,2021.12.01 16:15,0.8
2105,2021.12.01 17:45,0.4
2106,2021.12.01 18:00,0.75
2107,2021.12.01 18:00,0.6
2108,2021.12.01 18:00,0.5
2109,2021.12.01 18:30,0.65
2110,2021.12.02 16:30,0.6
2111,2021.12.03 16:30,0.4
2112,2021.12.03 16:30,0.3
2113,2021.12.03 17:45,0.75
2114,2021.12.03 18:00,0.6
2115,2021.12.03 18:00,0.8
2116,2021.12.08 18:00,0.8
2117,2021.12.08 18:30,0.6
2118,2021.12.08 21:00,0.6
2119,2021.12.09 16:30,0.8
2120,2021.12.09 21:00,0.5
2121,2021.12.10 16:30,0.65
2122,2021.12.10 16:30,0.3
2123,2021.12.10 16:30,0.4
2124,2021.12.10 16:30,0.6
2125,2021.12.10 16:30,0.3
2126,2021.12.14 16:30,0.8
2127,2021.12.15 16:30,0.8
2128,2021.12.15 16:30,0.8
2129,2021.12.15 18:30,0.8
2130,2021.12.15 22:00,0.5
2131,2021.12.15 22:30,0.5
2132,2021.12.16 16:30,0.4
2133,2021.12.16 16:30,0.3
2134,2021.12.16 17:45,0.4
2135,2021.12.16 17:45,0.5
2136,2021.12.22 16:30,0.8
2137,2021.12.22 16:30,0.8
2138,2021.12.22 18:00,0.6
2139,2021.12.22 18:00,0.8
2140,2021.12.22 18:30,0.65
2141,2021.12.23 16:30,0.4
2142,2021.12.23 16:30,0.9
2143,2021.12.23 16:30,0.4
2144,2021.12.23 16:30,0.8
2145,2021.12.23 18:00,0.4
2146,2021.12.29 18:30,0.65
2147,2021.12.30 16:30,0.4
2148,2021.12.30 17:45,0.5
2149,2022.01.03 17:45,0.5
2150,2022.01.04 18:00,0.6
2151,2022.01.04 18:00,0.6
2152,2022.01.04 18:00,0.4
2153,2022.01.05 16:15,0.9
2154,2022.01.05 17:45,0.65
2155,2022.01.06 18:00,0.4
2156,2022.01.06 18:00,0.6
2157,2022.01.07 16:30,0.8
2158,2022.01.07 16:30,0.8
2159,2022.01.07 16:30,0.3
2160,2022.01.11 18:00,0.5
2161,2022.01.12 16:30,0.6
2162,2022.01.12 16:30,0.5
2163,2022.01.12 16:30,0.4
2164,2022.01.12 16:30,0.6
2165,2022.01.12 16:30,0.3
2166,2022.01.12 18:30,0.8
2167,2022.01.12 21:00,0.6
2168,2022.01.13 16:30,0.3
2169,2022.01.13 16:30,0.3
2170,2022.01.13 21:00,0.6
2171,2022.01.14 16:30,0.3
2172,2022.01.14 16:30,0.3
2173,2022.01.20 16:30,0.3
2174,2022.01.20 16:30,0.6
2175,2022.01.20 18:00,0.4
2176,2022.01.20 19:00,0.4
2177,2022.01.24 17:45,0.4
2178,2022.01.24 17:45,0.4
2179,2022.01.25 18:00,0.6
2180,2022.01.26 18:00,0.8
2181,2022.01.26 18:30,0.6
2182,2022.01.26 22:00,0.5
2183,2022.01.26 22:30,0.5
2184,2022.01.27 16:30,0.9
2185,2022.01.27 16:30,0.6
2186,2022.01.27 16:30,0.9
2187,2022.01.27 16:30,0.3
2188,2022.01.28 16:30,0.6
2189,2022.01.28 16:30,0.6
2190,2022.01.31 17:45,0.75
2191,2022.02.01 17:45,0.8
2192,2022.02.01 18:00,0.4
2193,2022.02.01 18:00,0.8
2194,2022.02.01 18:00,0.6
2195,2022.02.02 16:15,0.2
2196,2022.02.02 18:30,0.65
2197,2022.02.03 16:30,0.8
2198,2022.02.03 17:45,0.75
2199,2022.02.03 18:00,0.6
2200,2022.02.03 18:00,0.4
2201,2022.02.04 16:30,0.5
2202,2022.02.04 16:30,0.9
2203,2022.02.04 16:30,0.8
2204,2022.02.09 18:30,0.8
2205,2022.02.09 21:00,0.6
2206,2022.02.10 16:30,0.9
2207,2022.02.10 16:30,0.8
2208,2022.02.10 16:30,0.8
2209,2022.02.10 16:30,0.8
2210,2022.02.10 16:30,0.6
2211,2022.02.10 16:30,0.8
2212,2022.02.10 21:00,0.6
2213,2022.02.15 16:30,0.9
2214,2022.02.16 16:30,0.85
2215,2022.02.16 16:30,0.85
2216,2022.02.16 18:30,0.4
2217,2022.02.17 16:30,0.4
2218,2022.02.17 16:30,0.3
2219,2022.02.18 18:00,0.8
2220,2022.02.22 17:45,0.8
2221,2022.02.22 17:45,0.8
2222,2022.02.22 18:00,0.4
2223,2022.02.24 16:30,0.8
2224,2022.02.24 16:30,0.6
2225,2022.02.24 16:30,0.8
2226,2022.02.24 18:00,0.65
2227,2022.02.24 19:00,0.3
2228,2022.02.25 16:30,0.6
2229,2022.02.25 16:30,0.6
2230,2022.02.25 16:30,0.9
2231,2022.02.28 17:45,0.4
2232,2022.03.01 17:45,0.5
2233,2022.03.01 18:00,0.75
2234,2022.03.01 18:00,0.6
2235,2022.03.02 16:15,0.8
2236,2022.03.02 18:00,0.5
2237,2022.03.02 18:30,0.8
2238,2022.03.03 16:30,0.6
2239,2022.03.03 17:45,0.5
2240,2022.03.03 18:00,0.4
2241,2022.03.03 18:00,0.6
2242,2022.03.03 18:00,0.5
2243,2022.03.04 16:30,0.8
2244,2022.03.04 16:30,0.3
2245,2022.03.04 16:30,0.9
2246,2022.03.09 18:00,0.8
2247,2022.03.09 18:30,0.65
2248,2022.03.09 21:00,0.6
2249,2022.03.10 16:30,0.5
2250,2022.03.10 16:30,0.5
2251,2022.03.10 16:30,0.6
2252,2022.03.10 16:30,0.9
2253,2022.03.10 16:30,0.65
2254,2022.03.15 15:30,0.6
2255,2022.03.16 15:30,0.5
2256,2022.03.16 15:30,0.8
2257,2022.03.16 17:30,0.3
2258,2022.03.16 21:00,0.3
2259,2022.03.16 21:30,0.5
2260,2022.03.17 15:30,0.8
2261,2022.03.17 15:30,0.6
2262,2022.03.18 17:00,0.4
2263,2022.03.21 19:30,0.5
2264,2022.03.23 15:00,0.5
2265,2022.03.23 17:00,0.4
2266,2022.03.23 17:30,0.65
2267,2022.03.24 15:30,0.3
2268,2022.03.24 15:30,0.8
2269,2022.03.24 16:45,0.8
2270,2022.03.24 16:45,0.8
2271,2022.03.29 17:00,0.4
2272,2022.03.29 17:00,0.65
2273,2022.03.30 15:15,0.8
2274,2022.03.30 15:30,0.4
2275,2022.03.30 15:30,0.4
2276,2022.03.30 17:30,0.65
2277,2022.03.31 15:30,0.5
2278,2022.03.31 15:30,0.4
2279,2022.03.31 15:30,0.6
2280,2022.03.31 16:45,0.8
2281,2022.04.01 15:30,0.9
2282,2022.04.01 15:30,0.5
2283,2022.04.01 15:30,0.8
2284,2022.04.01 16:45,0.75
2285,2022.04.01 17:00,0.4
2286,2022.04.01 17:00,0.6
2287,2022.04.05 16:45,0.4
2288,2022.04.05 17:00,0.4
2289,2022.04.05 17:00,0.65
2290,2022.04.06 17:30,0.4
2291,2022.04.07 15:30,0.8
2292,2022.04.12 15:30,0.6
2293,2022.04.12 15:30,0.3
2294,2022.04.12 15:30,0.3
2295,2022.04.12 15:30,0.6
2296,2022.04.12 15:30,0.9
2297,2022.04.12 20:00,0.6
2298,2022.04.13 15:30,0.8
2299,2022.04.13 17:30,0.4
2300,2022.04.13 20:00,0.6
2301,2022.04.14 15:30,0.8
2302,2022.04.14 15:30,0.3
2303,2022.04.14 15:30,0.3
2304,2022.04.20 17:00,0.4
2305,2022.04.20 17:30,0.8
2306,2022.04.21 15:30,0.3
2307,2022.04.21 15:30,0.4
2308,2022.04.21 18:00,0.5
2309,2022.04.21 20:00,0.5
2310,2022.04.22 16:45,0.8
2311,2022.04.22 16:45,0.4
2312,2022.04.26 15:30,0.9
2313,2022.04.26 17:00,0.4
2314,2022.04.26 17:00,0.4
2315,2022.04.27 17:30,0.3
2316,2022.04.28 15:30,0.2
2317,2022.04.28 15:30,0.3
2318,2022.04.28 15:30,0.4
2319,2022.04.29 15:30,0.3
2320,2022.04.29 15:30,0.6
2321,2022.04.29 16:45,0.4
2322,2022.05.02 16:45,0.4
2323,2022.05.02 17:00,0.4
2324,2022.05.02 17:00,0.6
2325,2022.05.03 17:00,0.6
2326,2022.05.04 15:15,0.8
2327,2022.05.04 16:45,0.75
2328,2022.05.04 17:00,0.4
2329,2022.05.04 17:00,0.65
2330,2022.05.04 17:30,0.4
2331,2022.05.04 21:00,0.3
2332,2022.05.04 21:30,0.5
2333,2022.05.05 15:30,0.3
2334,2022.05.06 15:30,0.8
2335,2022.05.06 15:30,0.4
2336,2022.05.11 15:30,0.6
2337,2022.05.11 15:30,0.3
2338,2022.05.11 15:30,0.3
2339,2022.05.11 15:30,0.8
2340,2022.05.11 15:30,0.6
2341,2022.05.11 17:30,0.4
2342,2022.05.11 20:00,0.6
2343,2022.05.12 15:30,0.4
2344,2022.05.12 15:30,0.4
2345,2022.05.12 20:00,0.6
2346,2022.05.17 15:30,0.8
2347,2022.05.17 15:30,0.85
2348,2022.05.17 21:00,0.5
2349,2022.05.18 17:30,0.8
2350,2022.05.19 15:30,0.4
2351,2022.05.19 15:30,0.8
2352,2022.05.19 17:00,0.6
2353,2022.05.24 16:45,0.4
2354,2022.05.24 16:45,0.4
2355,2022.05.24 17:00,0.4
2356,2022.05.24 19:20,0.5
2357,2022.05.25 15:30,0.8
2358,2022.05.25 17:30,0.6
2359,2022.05.26 15:30,0.6
2360,2022.05.26 15:30,0.6
2361,2022.05.26 15:30,0.3
2362,2022.05.27 15:30,0.4
2363,2022.05.27 15:30,0.6
2364,2022.05.31 16:45,0.8
2365,2022.05.31 17:00,0.4
2366,2022.06.01 16:45,0.4
2367,2022.06.01 17:00,0.6
2368,2022.06.01 17:00,0.6
2369,2022.06.01 17:00,0.6
2370,2022.06.02 15:15,0.9
2371,2022.06.02 18:00,0.8
2372,2022.06.03 15:30,0.9
2373,2022.06.03 15:30,0.5
2374,2022.06.03 15:30,0.4
2375,2022.06.03 16:45,0.5
2376,2022.06.03 17:00,0.4
2377,2022.06.03 17:00,0.6
2378,2022.06.08 17:30,0.6
2379,2022.06.08 20:00,0.6
2380,2022.06.09 15:30,0.3
2381,2022.06.09 20:00,0.6
2382,2022.06.10 15:30,0.9
2383,2022.06.10 15:30,0.5
2384,2022.06.10 15:30,0.8
2385,2022.06.10 15:30,0.6
2386,2022.06.10 15:30,0.8
2387,2022.06.14 15:30,0.8
2388,2022.06.15 15:30,0.4
2389,2022.06.15 15:30,0.3
2390,2022.06.15 17:30,0.6
2391,2022.06.15 21:00,0.5
2392,2022.06.15 21:30,0.5
2393,2022.06.16 15:30,0.2
2394,2022.06.16 15:30,0.4
2395,2022.06.17 15:45,0.5
2396,2022.06.21 17:00,0.4
2397,2022.06.22 16:30,0.5
2398,2022.06.23 15:30,0.4
2399,2022.06.23 16:45,0.4
2400,2022.06.23 16:45,0.4
2401,2022.06.23 17:00,0.5
2402,2022.06.24 17:00,0.8
2403,2022.06.27 15:30,0.8
2404,2022.06.28 17:00,0.4
2405,2022.06.29 15:30,0.3
2406,2022.06.29 15:30,0.3
2407,2022.06.29 16:00,0.5
2408,2022.06.29 17:30,0.6
2409,2022.06.30 15:30,0.4
2410,2022.06.30 15:30,0.5
2411,2022.06.30 15:30,0.6
2412,2022.06.30 16:45,0.4
2413,2022.07.01 16:45,0.75
2414,2022.07.01 17:00,0.4
2415,2022.07.01 17:00,0.6
2416,2022.07.06 16:45,0.8
2417,2022.07.06 17:00,0.4
2418,2022.07.06 17:00,0.6
2419,2022.07.06 17:00,0.6
2420,2022.07.07 15:30,0.4
2421,2022.07.07 18:00,0.3
2422,2022.07.08 15:30,0.8
2423,2022.07.08 15:30,0.4
2424,2022.07.12 20:00,0.5
2425,2022.07.13 15:30,0.8
2426,2022.07.13 15:30,0.65
2427,2022.07.13 15:30,0.8
2428,2022.07.13 15:30,0.9
2429,2022.07.13 15:30,0.8
2430,2022.07.13 17:30,0.4
2431,2022.07.13 20:00,0.5
2432,2022.07.14 15:30,0.8
2433,2022.07.14 15:30,0.4
2434,2022.07.15 15:30,0.9
2435,2022.07.15 15:30,0.85
2436,2022.07.20 17:00,0.4
2437,2022.07.20 17:30,0.65
2438,2022.07.21 15:30,0.3
2439,2022.07.21 15:30,0.4
2440,2022.07.22 16:45,0.4
2441,2022.07.22 16:45,0.4
2442,2022.07.26 17:00,0.4
2443,2022.07.26 17:00,0.4
2444,2022.07.27 15:30,0.8
2445,2022.07.27 17:30,0.8
2446,2022.07.27 21:00,0.5
2447,2022.07.27 21:30,0.5
2448,2022.07.28 15:30,0.8
2449,2022.07.28 15:30,0.4
2450,2022.07.28 15:30,0.65
2451,2022.07.29 15:30,0.8
2452,2022.07.29 15:30,0.6
2453,2022.07.29 16:45,0.4
2454,2022.08.01 16:45,0.5
2455,2022.08.01 17:00,0.4
2456,2022.08.01 17:00,0.4
2457,2022.08.02 17:00,0.6
2458,2022.08.03 16:45,0.65
2459,2022.08.03 17:00,0.8
2460,2022.08.03 17:00,0.4
2461,2022.08.03 17:30,0.4
2462,2022.08.04 15:30,0.4
2463,2022.08.05 15:30,0.9
2464,2022.08.05 15:30,0.8
2465,2022.08.10 15:30,0.3
2466,2022.08.10 15:30,0.6
2467,2022.08.10 15:30,0.3
2468,2022.08.10 15:30,0.3
2469,2022.08.10 15:30,0.6
2470,2022.08.10 17:30,0.4
2471,2022.08.10 20:00,0.6
2472,2022.08.11 15:30,0.4
2473,2022.08.11 15:30,0.3
2474,2022.08.11 20:00,0.5
2475,2022.08.17 15:30,0.6
2476,2022.08.17 15:30,0.8
2477,2022.08.17 17:30,0.8
2478,2022.08.18 15:30,0.8
2479,2022.08.18 15:30,0.4
2480,2022.08.18 17:00,0.4
2481,2022.08.23 16:45,0.4
2482,2022.08.23 16:45,0.4
2483,2022.08.23 17:00,0.3
2484,2022.08.24 15:30,0.6
2485,2022.08.24 17:30,0.8
2486,2022.08.25 15:30,0.8
2487,2022.08.25 15:30,0.8
2488,2022.08.25 15:30,0.6
2489,2022.08.26 15:30,0.3
2490,2022.08.26 15:30,0.4
2491,2022.08.26 17:00,0.5
2492,2022.08.30 17:00,0.8
2493,2022.08.30 17:00,0.8
2494,2022.08.31 15:15,0.9
2495,2022.08.31 16:45,0.4
2496,2022.08.31 17:30,0.8
2497,2022.09.01 15:30,0.8
2498,2022.09.01 16:45,0.75
2499,2022.09.01 17:00,0.5
2500,2022.09.01 17:00,0.4
2501,2022.09.02 15:30,0.6
2502,2022.09.02 15:30,0.3
2503,2022.09.02 15:30,0.4
2504,2022.09.06 16:45,0.4
2505,2022.09.06 17:00,0.75
2506,2022.09.06 17:00,0.6
2507,2022.09.08 15:30,0.8
2508,2022.09.08 16:10,0.5
2509,2022.09.08 18:00,0.4
2510,2022.09.12 20:00,0.6
2511,2022.09.13 15:30,0.6
2512,2022.09.13 15:30,0.2
2513,2022.09.13 15:30,0.5
2514,2022.09.13 15:30,0.8
2515,2022.09.13 15:30,0.6
2516,2022.09.13 20:00,0.65
2517,2022.09.14 15:30,0.3
2518,2022.09.14 17:30,0.6
2519,2022.09.15 15:30,0.8
2520,2022.09.15 15:30,0.3
2521,2022.09.15 15:30,0.2
2522,2022.09.15 15:30,0.85
2523,2022.09.21 17:30,0.6
2524,2022.09.21 21:00,0.5
2525,2022.09.21 21:30,0.5
2526,2022.09.22 15:30,0.75
2527,2022.09.23 16:45,0.8
2528,2022.09.23 16:45,0.75
2529,2022.09.27 15:30,0.3
2530,2022.09.27 17:00,0.8
2531,2022.09.27 17:00,0.8
2532,2022.09.28 17:15,0.5
2533,2022.09.28 17:30,0.6
2534,2022.09.29 15:30,0.8
2535,2022.09.29 15:30,0.5
2536,2022.09.29 15:30,0.5
2537,2022.09.30 15:30,0.8
2538,2022.09.30 15:30,0.6
2539,2022.09.30 16:45,0.4
2540,2022.10.03 16:45,0.65
2541,2022.10.03 17:00,0.6
2542,2022.10.03 17:00,0.4
2543,2022.10.04 17:00,0.6
2544,2022.10.05 15:15,0.8
2545,2022.10.05 16:45,0.65
2546,2022.10.05 17:00,0.6
2547,2022.10.05 17:00,0.4
2548,2022.10.05 17:30,0.65
2549,2022.10.06 15:30,0.4
2550,2022.10.07 15:30,0.8
2551,2022.10.07 15:30,0.4
2552,2022.10.12 15:30,0.8
2553,2022.10.12 20:00,0.6
2554,2022.10.13 15:30,0.4
2555,2022.10.13 15:30,0.6
2556,2022.10.13 15:30,0.6
2557,2022.10.13 15:30,0.3
2558,2022.10.13 15:30,0.5
2559,2022.10.13 15:30,0.3
2560,2022.10.13 18:00,0.4
2561,2022.10.13 20:00,0.6
2562,2022.10.14 15:30,0.3
2563,2022.10.14 15:30,0.8
2564,2022.10.19 17:30,0.65
2565,2022.10.20 15:30,0.3
2566,2022.10.20 15:30,0.8
2567,2022.10.24 16:45,0.4
2568,2022.10.25 17:00,0.4
2569,2022.10.26 17:00,0.6
2570,2022.10.26 17:30,0.6
2571,2022.10.27 15:30,0.9
2572,2022.10.27 15:30,0.8
2573,2022.10.27 15:30,0.65
2574,2022.10.27 15:30,0.85
2575,2022.10.28 15:30,0.6
2576,2022.10.28 15:30,0.4
2577,2022.10.31 16:45,0.4
2578,2022.11.01 16:45,0.75
2579,2022.11.01 17:00,0.6
2580,2022.11.01 17:00,0.8
2581,2022.11.01 17:00,0.4
2582,2022.11.02 15:15,0.8
2583,2022.11.02 17:30,0.8
2584,2022.11.02 21:00,0.5
2585,2022.11.02 21:30,0.5
2586,2022.11.03 15:30,0.5
2587,2022.11.03 16:45,0.8
2588,2022.11.03 17:00,0.4
2589,2022.11.03 17:00,0.6
2590,2022.11.04 15:30,0.5
2591,2022.11.04 15:30,0.8
2592,2022.11.09 18:30,0.4
2593,2022.11.09 21:00,0.6
2594,2022.11.10 16:30,0.4
2595,2022.11.10 16:30,0.3
2596,2022.11.10 16:30,0.3
2597,2022.11.10 16:30,0.5
2598,2022.11.10 16:30,0.3
2599,2022.11.10 21:00,0.6
2600,2022.11.15 16:30,0.5
2601,2022.11.16 16:30,0.8
2602,2022.11.16 16:30,0.85
2603,2022.11.16 18:30,0.8
2604,2022.11.17 16:30,0.2
2605,2022.11.17 16:30,0.5
2606,2022.11.18 18:00,0.4
2607,2022.11.23 16:30,0.3
2608,2022.11.23 16:30,0.9
2609,2022.11.23 17:45,0.4
2610,2022.11.23 17:45,0.4
2611,2022.11.23 18:00,0.6
2612,2022.11.23 18:30,0.65
2613,2022.11.29 18:00,0.4
2614,2022.11.30 16:15,0.5
2615,2022.11.30 16:30,0.8
2616,2022.11.30 16:30,0.8
2617,2022.11.30 17:45,0.3
2618,2022.11.30 18:00,0.6
2619,2022.11.30 18:30,0.8
2620,2022.12.01 16:30,0.3
2621,2022.12.01 16:30,0.8
2622,2022.12.01 16:30,0.6
2623,2022.12.01 17:45,0.65
2624,2022.12.01 18:00,0.4
2625,2022.12.01 18:00,0.6
2626,2022.12.02 16:30,0.8
2627,2022.12.02 16:30,0.8
2628,2022.12.05 17:45,0.65
2629,2022.12.05 18:00,0.6
2630,2022.12.05 18:00,0.8
2631,2022.12.07 18:30,0.6
2632,2022.12.08 16:30,0.6
2633,2022.12.09 16:30,0.8
2634,2022.12.12 21:00,0.4
2635,2022.12.13 16:30,0.6
2636,2022.12.13 16:30,0.3
2637,2022.12.13 16:30,0.3
2638,2022.12.13 16:30,0.3
2639,2022.12.13 16:30,0.6
2640,2022.12.13 21:00,0.4
2641,2022.12.14 18:30,0.4
2642,2022.12.14 22:00,0.5
2643,2022.12.14 22:30,0.5
2644,2022.12.15 16:30,0.8
2645,2022.12.15 16:30,0.3
2646,2022.12.15 16:30,0.3
2647,2022.12.15 16:30,0.3
2648,2022.12.16 17:45,0.4
2649,2022.12.16 17:45,0.4
2650,2022.12.21 18:00,0.4
2651,2022.12.21 18:00,0.8
2652,2022.12.21 18:30,0.8
2653,2022.12.22 16:30,0.8
2654,2022.12.22 16:30,0.8
2655,2022.12.22 16:30,0.65
2656,2022.12.23 16:30,0.3
2657,2022.12.23 16:30,0.4
2658,2022.12.23 16:30,0.3
2659,2022.12.23 18:00,0.8
2660,2022.12.29 16:30,0.4
2661,2022.12.29 19:00,0.4
2662,2022.12.30 17:45,0.8
2663,2023.01.03 17:45,0.5
2664,2023.01.04 18:00,0.6
2665,2023.01.04 18:00,0.65
2666,2023.01.04 18:00,0.4
2667,2023.01.05 16:15,0.8
2668,2023.01.05 16:30,0.8
2669,2023.01.05 17:45,0.65
2670,2023.01.05 19:00,0.4
2671,2023.01.06 16:30,0.4
2672,2023.01.06 16:30,0.3
2673,2023.01.06 16:30,0.8
2674,2023.01.06 18:00,0.6
2675,2023.01.06 18:00,0.3
2676,2023.01.10 17:00,0.5
2677,2023.01.11 18:30,0.3
2678,2023.01.11 21:00,0.5
2679,2023.01.12 16:30,0.3
2680,2023.01.12 16:30,0.8
2681,2023.01.12 16:30,0.8
2682,2023.01.12 16:30,0.6
2683,2023.01.12 16:30,0.9
2684,2023.01.12 16:30,0.6
2685,2023.01.12 21:00,0.6
2686,2023.01.18 16:30,0.3
2687,2023.01.18 16:30,0.3
2688,2023.01.18 16:30,0.3
2689,2023.01.19 16:30,0.6
2690,2023.01.19 16:30,0.8
2691,2023.01.19 19:00,0.6
2692,2023.01.20 18:00,0.6
2693,2023.01.24 17:45,0.75
2694,2023.01.25 18:30,0.4
2695,2023.01.26 16:30,0.8
2696,2023.01.26 16:30,0.9
2697,2023.01.26 16:30,0.3
2698,2023.01.26 16:30,0.4
2699,2023.01.26 18:00,0.4
2700,2023.01.27 16:30,0.4
2701,2023.01.27 16:30,0.6
2702,2023.01.31 17:45,0.65
2703,2023.01.31 18:00,0.6
2704,2023.02.01 16:15,0.8
2705,2023.02.01 17:45,0.6
2706,2023.02.01 18:00,0.8
2707,2023.02.01 18:00,0.4
2708,2023.02.01 18:00,0.6
2709,2023.02.01 18:30,0.6
2710,2023.02.01 22:00,0.5
2711,2023.02.01 22:30,0.5
2712,2023.02.02 16:30,0.8
2713,2023.02.03 16:30,0.8
2714,2023.02.03 16:30,0.9
2715,2023.02.03 16:30,0.4
2716,2023.02.03 17:45,0.65
2717,2023.02.03 18:00,0.65
2718,2023.02.03 18:00,0.8
2719,2023.02.07 20:40,0.5
2720,2023.02.08 18:30,0.6
2721,2023.02.08 21:00,0.6
2722,2023.02.09 16:30,0.4
2723,2023.02.09 21:00,0.6
2724,2023.02.14 16:30,0.6
2725,2023.02.14 16:30,0.8
2726,2023.02.14 16:30,0.4
2727,2023.02.14 16:30,0.6
2728,2023.02.14 16:30,0.9
2729,2023.02.15 16:30,0.9
2730,2023.02.15 16:30,0.9
2731,2023.02.15 18:30,0.3
2732,2023.02.16 16:30,0.2
2733,2023.02.16 16:30,0.6
2734,2023.02.16 16:30,0.9
2735,2023.02.21 17:45,0.8
2736,2023.02.21 17:45,0.8
2737,2023.02.21 18:00,0.4
2738,2023.02.23 16:30,0.4
2739,2023.02.23 16:30,0.4
2740,2023.02.23 16:30,0.8
2741,2023.02.23 19:00,0.4
2742,2023.02.24 16:30,0.8
2743,2023.02.24 16:30,0.4
2744,2023.02.24 18:00,0.8
2745,2023.02.27 16:30,0.3
2746,2023.02.28 17:45,0.4
2747,2023.02.28 18:00,0.4
2748,2023.03.01 17:45,0.4
2749,2023.03.01 18:00,0.6
2750,2023.03.01 18:00,0.6
2751,2023.03.01 18:30,0.6
2752,2023.03.02 16:30,0.6
2753,2023.03.03 17:45,0.65
2754,2023.03.03 18:00,0.8
2755,2023.03.03 18:00,0.6
2756,2023.03.07 18:00,0.5
2757,2023.03.08 16:15,0.85
2758,2023.03.08 18:00,0.5
2759,2023.03.08 18:00,0.6
2760,2023.03.08 18:30,0.65
2761,2023.03.08 21:00,0.6
2762,2023.03.09 16:30,0.4
2763,2023.03.09 21:00,0.6
2764,2023.03.10 16:30,0.8
2765,2023.03.10 16:30,0.3
2766,2023.03.10 16:30,0.3
2767,2023.03.14 15:30,0.8
2768,2023.03.14 15:30,0.65
2769,2023.03.14 15:30,0.5
2770,2023.03.14 15:30,0.6
2771,2023.03.14 15:30,0.3
2772,2023.03.15 15:30,0.3
2773,2023.03.15 15:30,0.6
2774,2023.03.15 15:30,0.3
2775,2023.03.15 17:30,0.6
2776,2023.03.16 15:30,0.3
2777,2023.03.16 15:30,0.8
2778,2023.03.21 17:00,0.8
2779,2023.03.22 17:30,0.6
2780,2023.03.22 21:00,0.5
2781,2023.03.22 21:30,0.5
2782,2023.03.23 15:30,0.8
2783,2023.03.23 17:00,0.5
2784,2023.03.24 15:30,0.3
2785,2023.03.24 16:45,0.8
2786,2023.03.24 16:45,0.8
2787,2023.03.28 17:00,0.6
2788,2023.03.29 17:30,0.8
2789,2023.03.30 15:30,0.4
2790,2023.03.30 15:30,0.4
2791,2023.03.30 15:30,0.4
2792,2023.03.31 15:30,0.4
2793,2023.03.31 15:30,0.6
2794,2023.03.31 16:45,0.6
2795,2023.04.03 16:45,0.5
2796,2023.04.03 17:00,0.4
2797,2023.04.03 17:00,0.6
2798,2023.04.04 17:00,0.8
2799,2023.04.05 15:15,0.4
2800,2023.04.05 16:45,0.4
2801,2023.04.05 17:00,0.4
2802,2023.04.05 17:00,0.4
2803,2023.04.05 17:30,0.8
2804,2023.04.06 15:30,0.4
2805,2023.04.07 15:30,0.6
2806,2023.04.07 15:30,0.6
2807,2023.04.07 15:30,0.9
2808,2023.04.12 15:30,0.6
2809,2023.04.12 15:30,0.3
2810,2023.04.12 15:30,0.3
2811,2023.04.12 15:30,0.3
2812,2023.04.12 15:30,0.3
2813,2023.04.12 17:30,0.4
2814,2023.04.12 20:00,0.5
2815,2023.04.13 15:30,0.4
2816,2023.04.13 15:30,0.3
2817,2023.04.13 20:00,0.5
2818,2023.04.14 15:30,0.3
2819,2023.04.14 15:30,0.3
2820,2023.04.19 17:30,0.8
2821,2023.04.20 15:30,0.3
2822,2023.04.20 15:30,0.4
2823,2023.04.20 17:00,0.4
2824,2023.04.21 16:45,0.8
2825,2023.04.21 16:45,0.75
2826,2023.04.25 17:00,0.4
2827,2023.04.25 17:00,0.8
2828,2023.04.26 15:30,0.85
2829,2023.04.26 17:30,0.65
2830,2023.04.27 15:30,0.8
2831,2023.04.27 15:30,0.9
2832,2023.04.27 15:30,0.3
2833,2023.04.28 15:30,0.5
2834,2023.04.28 15:30,0.6
2835,2023.04.28 16:45,0.8
2836,2023.05.01 16:45,0.4
2837,2023.05.01 17:00,0.75
2838,2023.05.01 17:00,0.6
2839,2023.05.03 15:15,0.9
2840,2023.05.03 16:45,0.5
2841,2023.05.03 17:00,0.6
2842,2023.05.03 17:00,0.6
2843,2023.05.03 17:30,0.6
2844,2023.05.03 21:00,0.8
2845,2023.05.03 21:30,0.5
2846,2023.05.04 15:30,0.4
2847,2023.05.05 15:30,0.8
2848,2023.05.05 15:30,0.8
2849,2023.05.10 15:30,0.6
2850,2023.05.10 15:30,0.9
2851,2023.05.10 15:30,0.4
2852,2023.05.10 15:30,0.5
2853,2023.05.10 15:30,0.4
2854,2023.05.10 17:30,0.4
2855,2023.05.10 20:00,0.5
2856,2023.05.11 15:30,0.3
2857,2023.05.11 15:30,0.4
2858,2023.05.11 20:00,0.6
2859,2023.05.16 15:30,0.9
2860,2023.05.16 15:30,0.9
2861,2023.05.17 17:30,0.6
2862,2023.05.18 15:30,0.6
2863,2023.05.18 15:30,0.8
2864,2023.05.18 17:00,0.4
2865,2023.05.19 18:00,0.5
2866,2023.05.23 16:45,0.4
2867,2023.05.23 16:45,0.8
2868,2023.05.23 17:00,0.75
2869,2023.05.24 17:30,0.8
2870,2023.05.25 15:30,0.8
2871,2023.05.25 15:30,0.8
2872,2023.05.25 15:30,0.5
2873,2023.05.26 15:30,0.6
2874,2023.05.26 15:30,0.8
2875,2023.05.26 15:30,0.5
2876,2023.05.30 17:00,0.6
2877,2023.05.31 16:45,0.3
2878,2023.05.31 17:00,0.8
2879,2023.06.01 15:15,0.8
2880,2023.06.01 15:30,0.6
2881,2023.06.01 16:45,0.5
2882,2023.06.01 17:00,0.6
2883,2023.06.01 17:00,0.6
2884,2023.06.01 18:00,0.4
2885,2023.06.02 15:30,0.3
2886,2023.06.02 15:30,0.9
2887,2023.06.02 15:30,0.3
2888,2023.06.05 16:45,0.5
2889,2023.06.05 17:00,0.6
2890,2023.06.05 17:00,0.4
2891,2023.06.07 17:30,0.65
2892,2023.06.08 15:30,0.4
2893,2023.06.12 20:00,0.6
2894,2023.06.13 15:30,0.6
2895,2023.06.13 15:30,0.3
2896,2023.06.13 15:30,0.5
2897,2023.06.13 15:30,0.3
2898,2023.06.13 15:30,0.6
2899,2023.06.13 20:00,0.6
2900,2023.06.14 15:30,0.3
2901,2023.06.14 17:30,0.4
2902,2023.06.14 21:00,0.5
2903,2023.06.14 21:30,0.5
2904,2023.06.15 15:30,0.8
2905,2023.06.15 15:30,0.4
2906,2023.06.15 15:30,0.8
2907,2023.06.15 15:30,0.6
2908,2023.06.21 17:00,0.5
2909,2023.06.22 15:30,0.5
2910,2023.06.22 17:00,0.5
2911,2023.06.22 17:00,0.8
2912,2023.06.22 18:00,0.65
2913,2023.06.23 16:45,0.4
2914,2023.06.23 16:45,0.4
2915,2023.06.27 15:30,0.9
2916,2023.06.27 17:00,0.8
2917,2023.06.27 17:00,0.8
2918,2023.06.28 16:30,0.5
2919,2023.06.28 17:30,0.8
2920,2023.06.29 09:30,0.5
2921,2023.06.29 15:30,0.8
2922,2023.06.29 15:30,0.85
2923,2023.06.29 15:30,0.8
2924,2023.06.30 15:30,0.4
2925,2023.06.30 15:30,0.6
2926,2023.06.30 16:45,0.4
2927,2023.07.03 16:45,0.5
2928,2023.07.03 17:00,0.4
2929,2023.07.03 17:00,0.6
2930,2023.07.06 15:15,0.9
2931,2023.07.06 15:30,0.6
2932,2023.07.06 16:45,0.75
2933,2023.07.06 17:00,0.8
2934,2023.07.06 17:00,0.6
2935,2023.07.06 17:00,0.6
2936,2023.07.06 18:00,0.65
2937,2023.07.07 15:30,0.8
2938,2023.07.07 15:30,0.6
2939,2023.07.12 15:30,0.3
2940,2023.07.12 15:30,0.65
2941,2023.07.12 15:30,0.3
2942,2023.07.12 15:30,0.5
2943,2023.07.12 15:30,0.6
2944,2023.07.12 17:30,0.4
2945,2023.07.12 20:00,0.6
2946,2023.07.13 15:30,0.8
2947,2023.07.13 15:30,0.8
2948,2023.07.13 20:00,0.5
2949,2023.07.18 15:30,0.4
2950,2023.07.18 15:30,0.3
2951,2023.07.19 17:30,0.6
2952,2023.07.20 15:30,0.8
2953,2023.07.20 15:30,0.6
2954,2023.07.20 17:00,0.4
2955,2023.07.24 16:45,0.8
2956,2023.07.24 16:45,0.4
2957,2023.07.25 17:00,0.8
2958,2023.07.26 17:00,0.4
2959,2023.07.26 17:30,0.65
2960,2023.07.26 21:00,0.6
2961,2023.07.26 21:30,0.5
2962,2023.07.27 15:30,0.8
2963,2023.07.27 15:30,0.4
2964,2023.07.27 15:30,0.8
2965,2023.07.27 15:30,0.8
2966,2023.07.28 15:30,0.4
2967,2023.07.28 15:30,0.3
2968,2023.07.31 16:45,0.75
2969,2023.08.01 16:45,0.5
2970,2023.08.01 17:00,0.6
2971,2023.08.01 17:00,0.6
2972,2023.08.01 17:00,0.6
2973,2023.08.02 15:15,0.8
2974,2023.08.02 17:30,0.8
2975,2023.08.03 15:30,0.4
2976,2023.08.03 16:45,0.5
2977,2023.08.03 17:00,0.6
2978,2023.08.03 17:00,0.6
2979,2023.08.04 15:30,0.85
2980,2023.08.04 15:30,0.5
2981,2023.08.09 17:30,0.3
2982,2023.08.09 20:00,0.6
2983,2023.08.10 15:30,0.4
2984,2023.08.10 15:30,0.65
2985,2023.08.10 15:30,0.3
2986,2023.08.10 15:30,0.5
2987,2023.08.10 15:30,0.3
2988,2023.08.10 15:30,0.3
2989,2023.08.10 20:00,0.6
2990,2023.08.11 15:30,0.8
2991,2023.08.15 15:30,0.8
2992,2023.08.15 15:30,0.85
2993,2023.08.16 17:30,0.8
2994,2023.08.17 15:30,0.8
2995,2023.08.17 15:30,0.6
2996,2023.08.22 17:00,0.4
2997,2023.08.23 16:45,0.4
2998,2023.08.23 16:45,0.4
2999,2023.08.23 17:00,0.6
3000,2023.08.23 17:30,0.8
3001,2023.08.24 15:30,0.8
3002,2023.08.24 15:30,0.3
3003,2023.08.25 17:05,0.5
3004,2023.08.29 17:00,0.4
3005,2023.08.29 17:00,0.6
3006,2023.08.30 15:15,0.4
3007,2023.08.30 15:30,0.4
3008,2023.08.30 15:30,0.4
3009,2023.08.30 17:30,0.8
3010,2023.08.31 15:30,0.3
3011,2023.08.31 15:30,0.6
3012,2023.08.31 15:30,0.8
3013,2023.08.31 16:45,0.8
3014,2023.09.01 15:30,0.5
3015,2023.09.01 15:30,0.3
3016,2023.09.01 15:30,0.3
3017,2023.09.01 16:45,0.75
3018,2023.09.01 17:00,0.8
3019,2023.09.01 17:00,0.6
3020,2023.09.06 16:45,0.4
3021,2023.09.06 17:00,0.6
3022,2023.09.06 17:00,0.8
3023,2023.09.07 15:30,0.8
3024,2023.09.07 18:00,0.65
3025,2023.09.12 20:00,0.6
3026,2023.09.13 15:30,0.6
3027,2023.09.13 15:30,0.5
3028,2023.09.13 15:30,0.4
3029,2023.09.13 15:30,0.6
3030,2023.09.13 15:30,0.9
3031,2023.09.13 17:30,0.4
3032,2023.09.13 20:00,0.6
3033,2023.09.14 15:30,0.6
3034,2023.09.14 15:30,0.8
3035,2023.09.14 15:30,0.4
3036,2023.09.14 15:30,0.8
3037,2023.09.20 17:30,0.6
3038,2023.09.20 21:00,0.5
3039,2023.09.20 21:30,0.5
3040,2023.09.21 15:30,0.8
3041,2023.09.21 15:30,0.3
3042,2023.09.21 17:00,0.6
3043,2023.09.22 16:45,0.4
3044,2023.09.22 16:45,0.75
3045,2023.09.26 17:00,0.4
3046,2023.09.26 17:00,0.4
3047,2023.09.27 15:30,0.85
3048,2023.09.27 17:30,0.6
3049,2023.09.28 15:30,0.4
3050,2023.09.28 15:30,0.5
3051,2023.09.28 15:30,0.8
3052,2023.09.29 15:30,0.3
3053,2023.09.29 15:30,0.6
3054,2023.09.29 16:45,0.4
3055,2023.10.02 16:45,0.8
3056,2023.10.02 17:00,0.4
3057,2023.10.02 17:00,0.8
3058,2023.10.03 17:00,0.8
3059,2023.10.04 15:15,0.9
3060,2023.10.04 16:45,0.5
3061,2023.10.04 17:00,0.5
3062,2023.10.04 17:00,0.5
3063,2023.10.04 17:30,0.65
3064,2023.10.05 15:30,0.5
3065,2023.10.06 15:30,0.9
3066,2023.10.06 15:30,0.3
3067,2023.10.11 15:30,0.3
3068,2023.10.11 20:00,0.6
3069,2023.10.12 15:30,0.3
3070,2023.10.12 15:30,0.6
3071,2023.10.12 15:30,0.5
3072,2023.10.12 15:30,0.6
3073,2023.10.12 15:30,0.3
3074,2023.10.12 15:30,0.6
3075,2023.10.12 18:00,0.4
3076,2023.10.12 20:00,0.6
3077,2023.10.17 15:30,0.8
3078,2023.10.17 15:30,0.5
3079,2023.10.18 17:30,0.8
3080,2023.10.19 15:30,0.8
3081,2023.10.19 17:00,0.65
3082,2023.10.19 19:00,0.5
3083,2023.10.24 16:45,0.8
3084,2023.10.24 16:45,0.75
3085,2023.10.25 17:00,0.8
3086,2023.10.25 17:30,0.6
3087,2023.10.25 23:35,0.5
3088,2023.10.26 15:30,0.4
3089,2023.10.26 15:30,0.8
3090,2023.10.26 15:30,0.9
3091,2023.10.26 15:30,0.8
3092,2023.10.27 15:30,0.8
3093,2023.10.27 15:30,0.6
3094,2023.10.31 16:45,0.4
3095,2023.10.31 17:00,0.4
3096,2023.11.01 15:15,0.9
3097,2023.11.01 16:45,0.5
3098,2023.11.01 17:00,0.6
3099,2023.11.01 17:00,0.8
3100,2023.11.01 17:00,0.4
3101,2023.11.01 17:30,0.6
3102,2023.11.01 21:00,0.5
3103,2023.11.01 21:30,0.5
3104,2023.11.02 15:30,0.4
3105,2023.11.03 15:30,0.3
3106,2023.11.03 15:30,0.9
3107,2023.11.03 16:45,0.5
3108,2023.11.03 17:00,0.4
3109,2023.11.03 17:00,0.4
3110,2023.11.08 17:15,0.5
3111,2023.11.08 18:30,0.3
3112,2023.11.08 21:00,0.6
3113,2023.11.09 16:30,0.5
3114,2023.11.09 21:00,0.5
3115,2023.11.09 22:00,0.5
3116,2023.11.14 16:30,0.5
3117,2023.11.14 16:30,0.6
3118,2023.11.14 16:30,0.3
3119,2023.11.14 16:30,0.3
3120,2023.11.14 16:30,0.6
3121,2023.11.15 16:30,0.3
3122,2023.11.15 16:30,0.8
3123,2023.11.15 16:30,0.3
3124,2023.11.15 18:30,0.6
3125,2023.11.16 16:30,0.3
3126,2023.11.16 16:30,0.4
3127,2023.11.21 18:00,0.4
3128,2023.11.22 16:30,0.8
3129,2023.11.22 16:30,0.3
3130,2023.11.22 18:30,0.4
3131,2023.11.24 17:45,0.4
3132,2023.11.24 17:45,0.75
3133,2023.11.27 18:00,0.4
3134,2023.11.28 18:00,0.5
3135,2023.11.29 16:30,0.8
3136,2023.11.29 16:30,0.8
3137,2023.11.29 18:30,0.6
3138,2023.11.30 16:30,0.6
3139,2023.11.30 16:30,0.6
3140,2023.11.30 16:30,0.3
3141,2023.11.30 17:45,0.8
3142,2023.12.01 17:45,0.5
3143,2023.12.01 18:00,0.4
3144,2023.12.01 18:00,0.6
3145,2023.12.01 19:00,0.5
3146,2023.12.05 17:45,0.5
3147,2023.12.05 18:00,0.6
3148,2023.12.05 18:00,0.4
3149,2023.12.05 18:00,0.6
3150,2023.12.06 16:15,0.9
3151,2023.12.06 18:30,0.8
3152,2023.12.07 16:30,0.4
3153,2023.12.08 16:30,0.9
3154,2023.12.08 16:30,0.5
3155,2023.12.08 16:30,0.8
3156,2023.12.11 21:00,0.5
3157,2023.12.12 16:30,0.5
3158,2023.12.12 16:30,0.3
3159,2023.12.12 16:30,0.3
3160,2023.12.12 16:30,0.6
3161,2023.12.12 16:30,0.4
3162,2023.12.12 21:00,0.5
3163,2023.12.13 16:30,0.3
3164,2023.12.13 18:30,0.65
3165,2023.12.13 22:00,0.5
3166,2023.12.13 22:30,0.5
3167,2023.12.14 16:30,0.8
3168,2023.12.14 16:30,0.8
3169,2023.12.15 17:45,0.75
3170,2023.12.15 17:45,0.4
3171,2023.12.20 18:00,0.65
3172,2023.12.20 18:00,0.8
3173,2023.12.20 18:30,0.4
3174,2023.12.21 16:30,0.5
3175,2023.12.21 16:30,0.3
3176,2023.12.21 16:30,0.5
3177,2023.12.21 16:30,0.5
3178,2023.12.22 16:30,0.4
3179,2023.12.22 16:30,0.85
3180,2023.12.22 16:30,0.5
3181,2023.12.22 18:00,0.4
3182,2023.12.28 16:30,0.4
3183,2023.12.28 19:00,0.8
3184,2023.12.29 17:45,0.4
3185,2024.01.02 17:45,0.5
3186,2024.01.03 18:00,0.6
3187,2024.01.03 18:00,0.6
3188,2024.01.03 18:00,0.8
3189,2024.01.04 16:15,0.8
3190,2024.01.04 16:30,0.8
3191,2024.01.04 17:45,0.6
3192,2024.01.04 19:00,0.8
3193,2024.01.05 16:30,0.8
3194,2024.01.05 16:30,0.5
3195,2024.01.05 18:00,0.6
3196,2024.01.05 18:00,0.4
3197,2024.01.10 18:30,0.4
3198,2024.01.10 21:00,0.5
3199,2024.01.11 16:30,0.6
3200,2024.01.11 16:30,0.5
3201,2024.01.11 16:30,0.9
3202,2024.01.11 16:30,0.5
3203,2024.01.11 16:30,0.6
3204,2024.01.11 16:30,0.6
3205,2024.01.11 21:00,0.5
3206,2024.01.12 16:30,0.3
3207,2024.01.17 16:30,0.8
3208,2024.01.17 16:30,0.85
3209,2024.01.18 16:30,0.6
3210,2024.01.18 16:30,0.8
3211,2024.01.18 19:00,0.65
3212,2024.01.19 18:00,0.4
3213,2024.01.24 18:30,0.8
3214,2024.01.25 16:30,0.4
3215,2024.01.25 16:30,0.3
3216,2024.01.25 18:00,0.8
3217,2024.01.26 15:30,0.4
3218,2024.01.26 15:30,0.8
3219,2024.01.30 18:00,0.8
3220,2024.01.30 18:00,0.8
3221,2024.01.31 16:15,0.4
3222,2024.01.31 17:45,0.4
3223,2024.01.31 18:30,0.4
3224,2024.01.31 22:00,0.5
3225,2024.01.31 22:30,0.5
3226,2024.02.01 16:30,0.4
3227,2024.02.01 17:45,0.8
3228,2024.02.01 18:00,0.8
3229,2024.02.02 16:30,0.85
3230,2024.02.02 16:30,0.8
3231,2024.02.02 16:30,0.8
3232,2024.02.05 17:45,0.8
3233,2024.02.05 18:00,0.8
3234,2024.02.05 18:00,0.8
3235,2024.02.07 18:30,0.4
3236,2024.02.07 21:00,0.6
3237,2024.02.08 16:30,0.6
3238,2024.02.08 21:00,0.6
3239,2024.02.13 16:30,0.9
3240,2024.02.13 16:30,0.6
3241,2024.02.13 16:30,0.9
3242,2024.02.13 16:30,0.5
3243,2024.02.13 16:30,0.6
3244,2024.02.14 18:30,0.4
3245,2024.02.15 16:30,0.8
3246,2024.02.15 16:30,0.3
3247,2024.02.15 16:30,0.3
3248,2024.02.15 16:30,0.6
3249,2024.02.16 16:30,0.9
3250,2024.02.22 16:30,0.8
3251,2024.02.22 18:00,0.8
3252,2024.02.22 19:00,0.6
3253,2024.02.26 18:00,0.5
3254,2024.02.27 16:30,0.3
3255,2024.02.27 18:00,0.4
3256,2024.02.28 18:30,0.6
3257,2024.02.29 15:30,0.6
3258,2024.02.29 15:30,0.8
3259,2024.02.29 16:30,0.6
3260,2024.02.29 17:45,0.4
3261,2024.03.01 17:45,0.8
3262,2024.03.01 18:00,0.4
3263,2024.03.01 18:00,0.6
3264,2024.03.05 17:45,0.4
3265,2024.03.05 18:00,0.6
3266,2024.03.05 18:00,0.6
3267,2024.03.06 16:15,0.9
3268,2024.03.06 18:00,0.5
3269,2024.03.06 18:00,0.6
3270,2024.03.06 18:30,0.6
3271,2024.03.07 16:30,0.4
3272,2024.03.07 18:00,0.5
3273,2024.03.08 16:30,0.3
3274,2024.03.08 16:30,0.6
3275,2024.03.12 15:30,0.5
3276,2024.03.12 15:30,0.65
3277,2024.03.12 15:30,0.5
3278,2024.03.12 15:30,0.6
3279,2024.03.12 15:30,0.8
3280,2024.03.12 20:00,0.6
3281,2024.03.13 17:30,0.65
3282,2024.03.13 20:00,0.5
3283,2024.03.14 15:30,0.6
3284,2024.03.14 15:30,0.9
3285,2024.03.14 15:30,0.4
3286,2024.03.14 15:30,0.9
3287,2024.03.20 17:30,0.6
3288,2024.03.20 21:00,0.5
3289,2024.03.20 21:30,0.5
3290,2024.03.21 15:30,0.6
3291,2024.03.21 15:30,0.4
3292,2024.03.21 17:00,0.8
3293,2024.03.25 17:00,0.75
3294,2024.03.26 15:30,0.85
3295,2024.03.26 17:00,0.4
3296,2024.03.27 17:30,0.4
3297,2024.03.28 15:30,0.8
3298,2024.03.28 15:30,0.6
3299,2024.03.28 15:30,0.4
3300,2024.03.29 15:30,0.5
3301,2024.03.29 15:30,0.3
3302,2024.03.29 16:45,0.4
3303,2024.03.29 18:30,0.5
3304,2024.04.01 17:00,0.8
3305,2024.04.01 17:00,0.6
3306,2024.04.02 17:00,0.65
3307,2024.04.03 15:15,0.6
3308,2024.04.03 16:45,0.4
3309,2024.04.03 17:00,0.4
3310,2024.04.03 17:00,0.4
3311,2024.04.03 17:30,0.4
3312,2024.04.03 19:10,0.5
3313,2024.04.04 15:30,0.4
3314,2024.04.05 15:30,0.8
3315,2024.04.05 15:30,0.85
3316,2024.04.10 15:30,0.3
3317,2024.04.10 15:30,0.65
3318,2024.04.10 15:30,0.6
3319,2024.04.10 15:30,0.6
3320,2024.04.10 15:30,0.3
3321,2024.04.10 17:30,0.4
3322,2024.04.10 20:00,0.6
3323,2024.04.11 15:30,0.4
3324,2024.04.11 15:30,0.8
3325,2024.04.15 15:30,0.85
3326,2024.04.15 15:30,0.9
3327,2024.04.16 20:15,0.5
3328,2024.04.17 17:30,0.6
3329,2024.04.18 15:30,0.4
3330,2024.04.18 15:30,0.9
3331,2024.04.18 17:00,0.5
3332,2024.04.23 17:00,0.8
3333,2024.04.24 15:30,0.8
3334,2024.04.24 17:30,0.8
3335,2024.04.25 15:30,0.65
3336,2024.04.25 15:30,0.3
3337,2024.04.25 15:30,0.3
3338,2024.04.26 15:30,0.8
3339,2024.04.26 15:30,0.5
3340,2024.04.30 16:45,0.4
3341,2024.04.30 17:00,0.3
3342,2024.05.01 15:15,0.6
3343,2024.05.01 16:45,0.6
3344,2024.05.01 17:00,0.6
3345,2024.05.01 17:00,0.6
3346,2024.05.01 17:00,0.6
3347,2024.05.01 17:30,0.4
3348,2024.05.01 21:00,0.5
3349,2024.05.01 21:30,0.5
3350,2024.05.02 15:30,0.75
3351,2024.05.03 15:30,0.3
3352,2024.05.03 15:30,0.6
3353,2024.05.03 15:30,0.3
3354,2024.05.03 16:45,0.4
3355,2024.05.03 17:00,0.8
3356,2024.05.03 17:00,0.4
3357,2024.05.08 17:30,0.65
3358,2024.05.08 20:00,0.6
3359,2024.05.09 15:30,0.4
3360,2024.05.09 20:00,0.5
3361,2024.05.14 15:30,0.9
3362,2024.05.14 17:00,0.5
3363,2024.05.15 15:30,0.5
3364,2024.05.15 15:30,0.3
3365,2024.05.15 15:30,0.65
3366,2024.05.15 15:30,0.4
3367,2024.05.15 15:30,0.3
3368,2024.05.15 15:30,0.6
3369,2024.05.15 15:30,0.5
3370,2024.05.15 17:30,0.8
3371,2024.05.16 15:30,0.9
3372,2024.05.16 15:30,0.6
3373,2024.05.19 22:30,0.5
3374,2024.05.22 17:00,0.6
3375,2024.05.22 17:30,0.6
3376,2024.05.23 15:30,0.8
3377,2024.05.23 17:00,0.4
3378,2024.05.24 15:30,0.8
3379,2024.05.28 17:00,0.85
3380,2024.05.30 15:30,0.4
3381,2024.05.30 15:30,0.4
3382,2024.05.30 15:30,0.4
3383,2024.05.30 18:00,0.8
3384,2024.05.31 15:30,0.5
3385,2024.05.31 15:30,0.5
3386,2024.05.31 16:45,0.4
3387,2024.06.03 16:45,0.6
3388,2024.06.03 17:00,0.4
3389,2024.06.03 17:00,0.6
3390,2024.06.04 17:00,0.6
3391,2024.06.05 15:15,0.6
3392,2024.06.05 16:45,0.8
3393,2024.06.05 17:00,0.6
3394,2024.06.05 17:00,0.8
3395,2024.06.05 17:30,0.4
3396,2024.06.06 15:30,0.4
3397,2024.06.07 15:30,0.8
3398,2024.06.07 15:30,0.8
3399,2024.06.12 15:30,0.6
3400,2024.06.12 15:30,0.3
3401,2024.06.12 15:30,0.5
3402,2024.06.12 15:30,0.6
3403,2024.06.12 15:30,0.3
3404,2024.06.12 17:30,0.4
3405,2024.06.12 21:00,0.5
3406,2024.06.12 21:30,0.5
3407,2024.06.13 15:30,0.3
3408,2024.06.13 15:30,0.4
3409,2024.06.13 20:00,0.5
3410,2024.06.18 15:30,0.8
3411,2024.06.18 15:30,0.3
3412,2024.06.20 05:30,0.6
3413,2024.06.20 15:30,0.5
3414,2024.06.20 15:30,0.3
3415,2024.06.21 17:00,0.4
3416,2024.06.25 17:00,0.4
3417,2024.06.26 05:30,0.6
3418,2024.06.26 17:00,0.4
3419,2024.06.27 15:30,0.8
3420,2024.06.27 15:30,0.65
3421,2024.06.27 15:30,0.3
3422,2024.06.27 15:30,0.8
3423,2024.06.28 15:30,0.8
3424,2024.06.28 16:45,0.8
3425,2024.07.01 16:45,0.8
3426,2024.07.01 17:00,0.4
3427,2024.07.01 17:00,0.6
3428,2024.07.02 16:30,0.5
3429,2024.07.02 17:00,0.65
3430,2024.07.03 05:30,0.8
3431,2024.07.03 15:30,0.4
3432,2024.07.03 16:45,0.8
3433,2024.07.03 17:00,0.4
3434,2024.07.03 17:00,0.6
3435,2024.07.05 15:30,0.4
3436,2024.07.05 15:30,0.5
3437,2024.07.09 17:00,0.5
3438,2024.07.10 05:30,0.6
3439,2024.07.10 20:00,0.5
3440,2024.07.11 15:30,0.6
3441,2024.07.11 15:30,0.8
3442,2024.07.11 15:30,0.3
3443,2024.07.11 15:30,0.1
3444,2024.07.11 15:30,0.3
3445,2024.07.11 15:30,0.4
3446,2024.07.11 20:00,0.5
3447,2024.07.12 15:30,0.8
3448,2024.07.15 19:30,0.5
3449,2024.07.16 15:30,0.3
3450,2024.07.16 15:30,0.8
3451,2024.07.17 05:30,0.65
3452,2024.07.18 15:30,0.85
3453,2024.07.18 15:30,0.4
3454,2024.07.23 17:00,0.4
3455,2024.07.24 05:30,0.65
3456,2024.07.24 17:00,0.4
3457,2024.07.25 15:30,0.8
3458,2024.07.25 15:30,0.4
3459,2024.07.25 15:30,0.4
3460,2024.07.25 15:30,0.3
3461,2024.07.26 15:30,0.8
3462,2024.07.26 15:30,0.5
3463,2024.07.30 17:00,0.4
3464,2024.07.30 17:00,0.75
3465,2024.07.31 05:30,0.65
3466,2024.07.31 15:15,0.5
3467,2024.07.31 16:45,0.6
3468,2024.07.31 21:00,0.5
3469,2024.07.31 21:30,0.5
3470,2024.08.01 15:30,0.4
3471,2024.08.01 16:45,0.4
3472,2024.08.01 17:00,0.4
3473,2024.08.01 17:00,0.6
3474,2024.08.02 15:30,0.3
3475,2024.08.02 15:30,0.3
3476,2024.08.02 15:30,0.3
3477,2024.08.05 16:45,0.4
3478,2024.08.05 17:00,0.8
3479,2024.08.05 17:00,0.6
3480,2024.08.07 17:30,0.8
3481,2024.08.07 20:00,0.5
3482,2024.08.08 15:30,0.8
3483,2024.08.13 15:30,0.5
3484,2024.08.14 15:30,0.5
3485,2024.08.14 15:30,0.6
3486,2024.08.14 15:30,0.5
3487,2024.08.14 15:30,0.6
3488,2024.08.14 15:30,0.9
3489,2024.08.14 17:30,0.4
3490,2024.08.15 15:30,0.75
3491,2024.08.15 15:30,0.8
3492,2024.08.15 15:30,0.2
3493,2024.08.15 15:30,0.9
3494,2024.08.21 17:30,0.8
3495,2024.08.22 15:30,0.4
3496,2024.08.22 17:00,0.75
3497,2024.08.23 17:00,0.5
3498,2024.08.23 17:00,0.8
3499,2024.08.26 15:30,0.8
3500,2024.08.27 17:00,0.6
3501,2024.08.28 17:30,0.6
3502,2024.08.29 15:30,0.65
3503,2024.08.29 15:30,0.8
3504,2024.08.29 15:30,0.8
3505,2024.08.30 15:30,0.8
3506,2024.08.30 15:30,0.5
3507,2024.08.30 16:45,0.8
3508,2024.09.03 16:45,0.4
3509,2024.09.03 17:00,0.4
3510,2024.09.03 17:00,0.65
3511,2024.09.04 17:00,0.6
3512,2024.09.05 15:15,0.4
3513,2024.09.05 15:30,0.65
3514,2024.09.05 16:45,0.8
3515,2024.09.05 17:00,0.5
3516,2024.09.05 17:00,0.5
3517,2024.09.05 18:00,0.8
3518,2024.09.06 15:30,0.8
3519,2024.09.06 15:30,0.5
3520,2024.09.11 15:30,0.6
3521,2024.09.11 15:30,0.3
3522,2024.09.11 15:30,0.5
3523,2024.09.11 15:30,0.8
3524,2024.09.11 15:30,0.6
3525,2024.09.11 17:30,0.4
3526,2024.09.11 20:00,0.5
3527,2024.09.12 15:30,0.8
3528,2024.09.12 15:30,0.4
3529,2024.09.12 20:00,0.5
3530,2024.09.17 15:30,0.3
3531,2024.09.17 15:30,0.3
3532,2024.09.18 17:30,0.6
3533,2024.09.18 21:00,0.3
3534,2024.09.18 21:30,0.5
3535,2024.09.19 15:30,0.8
3536,2024.09.19 15:30,0.3
3537,2024.09.19 17:00,0.4
3538,2024.09.24 17:00,0.4
3539,2024.09.25 17:00,0.65
3540,2024.09.25 17:30,0.8
3541,2024.09.26 15:30,0.5
3542,2024.09.26 15:30,0.3
3543,2024.09.26 15:30,0.4
3544,2024.09.26 15:30,0.6
3545,2024.09.26 16:20,0.5
3546,2024.09.27 15:30,0.3
3547,2024.09.27 15:30,0.6
3548,2024.09.30 16:45,0.75
3549,2024.09.30 20:55,0.5
3550,2024.10.01 16:45,0.4
3551,2024.10.01 17:00,0.6
3552,2024.10.01 17:00,0.4
3553,2024.10.01 17:00,0.8
3554,2024.10.02 15:15,0.85
3555,2024.10.02 17:30,0.4
3556,2024.10.03 15:30,0.4
3557,2024.10.03 16:45,0.6
3558,2024.10.03 17:00,0.65
3559,2024.10.03 17:00,0.8
3560,2024.10.04 15:30,0.6
3561,2024.10.04 15:30,0.65
3562,2024.10.04 15:30,0.4
3563,2024.10.09 17:30,0.4
3564,2024.10.09 20:00,0.6
3565,2024.10.10 15:30,0.3
3566,2024.10.10 15:30,0.6
3567,2024.10.10 15:30,0.3
3568,2024.10.10 15:30,0.8
3569,2024.10.10 15:30,0.5
3570,2024.10.10 15:30,0.8
3571,2024.10.10 20:00,0.6
3572,2024.10.11 15:30,0.3
3573,2024.10.17 15:30,0.8
3574,2024.10.17 15:30,0.5
3575,2024.10.17 15:30,0.85
3576,2024.10.17 15:30,0.85
3577,2024.10.17 18:00,0.65
3578,2024.10.23 17:00,0.4
3579,2024.10.23 17:30,0.4
3580,2024.10.24 15:30,0.8
3581,2024.10.24 17:00,0.8
3582,2024.10.25 15:30,0.6
3583,2024.10.29 17:00,0.8
3584,2024.10.29 17:00,0.6
3585,2024.10.30 15:15,0.85
3586,2024.10.30 15:30,0.85
3587,2024.10.30 15:30,0.4
3588,2024.10.30 17:30,0.65
3589,2024.10.31 15:30,0.8
3590,2024.10.31 15:30,0.5
3591,2024.10.31 15:30,0.3
3592,2024.10.31 16:45,0.4
3593,2024.11.01 15:30,0.3
3594,2024.11.01 15:30,0.8
3595,2024.11.01 15:30,0.5
3596,2024.11.01 16:45,0.8
3597,2024.11.01 17:00,0.4
3598,2024.11.01 17:00,0.6
3599,2024.11.05 17:45,0.4
3600,2024.11.05 18:00,0.8
3601,2024.11.05 18:00,0.6
3602,2024.11.05 21:00,0.6
3603,2024.11.06 18:30,0.6
3604,2024.11.06 21:00,0.6
3605,2024.11.07 16:30,0.4
3606,2024.11.07 22:00,0.5
3607,2024.11.07 22:30,0.5
3608,2024.11.13 16:30,0.3
3609,2024.11.13 16:30,0.6
3610,2024.11.13 16:30,0.4
3611,2024.11.13 16:30,0.8
3612,2024.11.13 16:30,0.5
3613,2024.11.14 16:30,0.6
3614,2024.11.14 16:30,0.8
3615,2024.11.14 19:00,0.5
3616,2024.11.14 23:00,0.5
3617,2024.11.15 16:30,0.5
3618,2024.11.15 16:30,0.3
3619,2024.11.20 18:30,0.6
3620,2024.11.21 16:30,0.75
3621,2024.11.21 16:30,0.2
3622,2024.11.21 18:00,0.75
3623,2024.11.26 18:00,0.8
3624,2024.11.26 18:00,0.3
3625,2024.11.27 16:30,0.4
3626,2024.11.27 16:30,0.5
3627,2024.11.27 16:30,0.5
3628,2024.11.27 16:30,0.8
3629,2024.11.27 17:45,0.65
3630,2024.11.27 18:00,0.6
3631,2024.11.27 18:00,0.5
3632,2024.11.27 18:30,0.8
3633,2024.12.02 17:45,0.8
3634,2024.12.02 18:00,0.8
3635,2024.12.02 18:00,0.6
3636,2024.12.03 18:00,0.8
3637,2024.12.04 16:15,0.4
3638,2024.12.04 17:45,0.75
3639,2024.12.04 18:00,0.5
3640,2024.12.04 18:00,0.6
3641,2024.12.04 18:30,0.8
3642,2024.12.04 21:40,0.5
3643,2024.12.05 16:30,0.4
3644,2024.12.06 16:30,0.8
3645,2024.12.06 16:30,0.8
3646,2024.12.11 16:30,0.3
3647,2024.12.11 16:30,0.65
3648,2024.12.11 16:30,0.5
3649,2024.12.11 16:30,0.8
3650,2024.12.11 16:30,0.3
3651,2024.12.11 18:30,0.6
3652,2024.12.11 21:00,0.6
3653,2024.12.12 16:30,0.3
3654,2024.12.12 16:30,0.4
3655,2024.12.12 21:00,0.5
3656,2024.12.17 16:30,0.85
3657,2024.12.17 16:30,0.3
3658,2024.12.18 18:30,0.65
3659,2024.12.18 22:00,0.5
3660,2024.12.18 22:30,0.5
3661,2024.12.19 16:30,0.8
3662,2024.12.19 16:30,0.2
3663,2024.12.19 16:30,0.8
3664,2024.12.19 16:30,0.8
3665,2024.12.19 18:00,0.8
3666,2024.12.20 16:30,0.5
3667,2024.12.20 16:30,0.3
3668,2024.12.23 16:30,0.3
3669,2024.12.23 18:00,0.6
3670,2024.12.23 18:00,0.3
3671,2024.12.26 16:30,0.6
3672,2024.12.27 21:00,0.8
3673,2024.12.30 17:45,0.4
3674,2025.01.02 16:30,0.8
3675,2025.01.02 17:45,0.4
3676,2025.01.02 19:00,0.6
3677,2025.01.03 18:00,0.75
3678,2025.01.03 18:00,0.6
3679,2025.01.06 17:45,0.8
3680,2025.01.07 18:00,0.8
3681,2025.01.07 18:00,0.6
3682,2025.01.07 18:00,0.8
3683,2025.01.07 21:00,0.6
3684,2025.01.08 16:15,0.6
3685,2025.01.08 16:30,0.8
3686,2025.01.08 18:30,0.6
3687,2025.01.08 21:00,0.6
3688,2025.01.10 16:30,0.8
3689,2025.01.10 16:30,0.4
3690,2025.01.14 16:30,0.5
3691,2025.01.15 16:30,0.8
3692,2025.01.15 16:30,0.3
3693,2025.01.15 16:30,0.3
3694,2025.01.15 16:30,0.5
3695,2025.01.15 16:30,0.6
3696,2025.01.15 18:30,0.65
3697,2025.01.16 16:30,0.3
3698,2025.01.16 16:30,0.8
3699,2025.01.16 16:30,0.9
3700,2025.01.16 16:30,0.4
3701,2025.01.23 16:30,0.4
3702,2025.01.23 20:00,0.6
3703,2025.01.24 18:00,0.6
3704,2025.01.27 18:00,0.75
3705,2025.01.28 16:30,0.6
3706,2025.01.28 18:00,0.4
3707,2025.01.29 18:30,0.4
3708,2025.01.29 22:00,0.5
3709,2025.01.29 22:30,0.5
3710,2025.01.30 16:30,0.3
3711,2025.01.30 16:30,0.8
3712,2025.01.30 16:30,0.8
3713,2025.01.31 16:30,0.5
3714,2025.01.31 16:30,0.5
3715,2025.01.31 17:45,0.6
3716,2025.02.03 17:45,0.6
3717,2025.02.03 18:00,0.8
3718,2025.02.03 18:00,0.6
3719,2025.02.04 18:00,0.5
3720,2025.02.05 16:15,0.8
3721,2025.02.05 17:45,0.4
3722,2025.02.05 18:00,0.6
3723,2025.02.05 18:00,0.4
3724,2025.02.05 18:30,0.4
3725,2025.02.06 16:30,0.4
3726,2025.02.07 16:30,0.9
3727,2025.02.07 16:30,0.3
3728,2025.02.11 18:00,0.5
3729,2025.02.12 16:30,0.6
3730,2025.02.12 16:30,0.5
3731,2025.02.12 16:30,0.8
3732,2025.02.12 16:30,0.5
3733,2025.02.12 16:30,0.3
3734,2025.02.12 18:00,0.5
3735,2025.02.12 18:30,0.6
3736,2025.02.12 21:00,0.5
3737,2025.02.13 16:30,0.75
3738,2025.02.13 21:00,0.5
3739,2025.02.14 16:30,0.3
3740,2025.02.14 16:30,0.3
3741,2025.02.20 16:30,0.3
3742,2025.02.20 16:30,0.4
3743,2025.02.20 20:00,0.4
3744,2025.02.21 18:00,0.4
3745,2025.02.25 18:00,0.5
3746,2025.02.26 18:00,0.4
3747,2025.02.26 18:30,0.65
3748,2025.02.27 16:30,0.5
3749,2025.02.27 16:30,0.5
3750,2025.02.27 16:30,0.4
3751,2025.02.27 16:30,0.4
3752,2025.02.28 16:30,0.6
3753,2025.02.28 16:30,0.8
3754,2025.02.28 17:45,0.8
3755,2025.03.03 17:45,0.8
3756,2025.03.03 18:00,0.6
3757,2025.03.03 18:00,0.6
3758,2025.03.05 16:15,0.3
3759,2025.03.05 17:45,0.4
3760,2025.03.05 18:00,0.6
3761,2025.03.05 18:00,0.8
3762,2025.03.05 18:30,0.6
3763,2025.03.06 16:30,0.8
3764,2025.03.07 16:30,0.3
3765,2025.03.07 16:30,0.4
3766,2025.03.07 20:30,0.5
3767,2025.03.11 17:00,0.8
3768,2025.03.12 15:30,0.6
3769,2025.03.12 15:30,0.3
3770,2025.03.12 15:30,0.3
3771,2025.03.12 15:30,0.6
3772,2025.03.12 15:30,0.3
3773,2025.03.12 17:30,0.6
3774,2025.03.12 20:00,0.4
3775,2025.03.13 15:30,0.3
3776,2025.03.13 15:30,0.4
3777,2025.03.13 20:00,0.5
3778,2025.03.17 15:30,0.9
3779,2025.03.17 15:30,0.8
3780,2025.03.19 17:30,0.6
3781,2025.03.19 21:00,0.5
3782,2025.03.19 21:30,0.5
3783,2025.03.20 15:30,0.4
3784,2025.03.20 15:30,0.3
3785,2025.03.20 17:00,0.8
3786,2025.03.25 17:00,0.6
3787,2025.03.25 17:00,0.3
3788,2025.03.26 15:30,0.8
3789,2025.03.26 17:30,0.65
3790,2025.03.27 15:30,0.8
3791,2025.03.27 15:30,0.6
3792,2025.03.27 15:30,0.8
3793,2025.03.28 15:30,0.8
3794,2025.03.28 15:30,0.4
3795,2025.03.31 16:45,0.8
3796,2025.04.01 16:45,0.4
3797,2025.04.01 17:00,0.6
3798,2025.04.01 17:00,0.4
3799,2025.04.01 17:00,0.6
3800,2025.04.02 15:15,0.3
3801,2025.04.02 17:30,0.4
3802,2025.04.03 15:30,0.8
3803,2025.04.03 16:45,0.8
3804,2025.04.03 17:00,0.6
3805,2025.04.03 17:00,0.4
3806,2025.04.04 15:30,0.4
3807,2025.04.04 15:30,0.8
3808,2025.04.04 18:25,0.5
3809,2025.04.09 17:30,0.6
3810,2025.04.09 20:00,0.6
3811,2025.04.10 15:30,0.2
3812,2025.04.10 15:30,0.4
3813,2025.04.10 15:30,0.3
3814,2025.04.10 15:30,0.4
3815,2025.04.10 15:30,0.6
3816,2025.04.10 15:30,0.3
3817,2025.04.10 20:00,0.6
3818,2025.04.11 15:30,0.3
3819,2025.04.16 15:30,0.9
3820,2025.04.16 15:30,0.8
3821,2025.04.16 17:30,0.4
3822,2025.04.16 20:30,0.5
3823,2025.04.17 15:30,0.2
3824,2025.04.17 15:30,0.8
3825,2025.04.23 17:00,0.2
3826,2025.04.23 17:30,0.4
3827,2025.04.24 15:30,0.8
3828,2025.04.24 15:30,0.4
3829,2025.04.24 17:00,0.6
