time,close
2018.01.02 00:00:30,6387.5
2018.01.03 00:00:00,6502.9
2018.01.04 00:00:30,6571.1
2018.01.05 01:00:00,6594.6
2018.01.08 00:00:30,6657.0
2018.01.09 00:00:30,6676.4
2018.01.10 00:00:30,6668.8
2018.01.11 00:04:30,6661.2
2018.01.12 00:04:30,6710.5
2018.01.15 00:00:30,6758.9
2018.01.16 00:00:30,6770.4
2018.01.17 01:00:00,6746.2
2018.01.18 01:00:00,6801.5
2018.01.19 01:00:00,6799.8
2018.01.22 01:00:00,6834.0
2018.01.23 01:00:00,6916.8
2018.01.24 01:00:00,6943.5
2018.01.25 01:00:00,6918.6
2018.01.26 01:00:00,6924.3
2018.01.29 01:00:00,7017.7
2018.01.30 01:00:00,6982.9
2018.01.31 01:00:00,6926.1
2018.02.01 01:00:00,6916.8
2018.02.02 01:00:00,6924.3
2018.02.05 01:00:00,6741.7
2018.02.06 00:02:30,6457.0
2018.02.07 01:00:00,6629.2
2018.02.08 01:00:00,6545.1
2018.02.09 01:00:00,6331.2
2018.02.12 01:00:00,6419.8
2018.02.13 01:00:00,6519.5
2018.02.14 01:00:00,6554.8
2018.02.15 01:00:00,6671.7
2018.02.16 01:00:00,6810.1
2018.02.19 00:00:30,6770.8
2018.02.20 00:00:30,6774.8
2018.02.21 00:41:30,6783.7
2018.02.22 00:25:30,6745.1
2018.02.23 01:00:00,6786.5
2018.02.26 01:00:00,6893.9
2018.02.27 00:16:30,6994.9
2018.02.28 01:00:00,6903.5
2018.03.01 00:21:30,6871.2
2018.03.02 01:00:00,6757.8
2018.03.05 00:00:30,6800.3
2018.03.06 01:00:00,6873.4
2018.03.07 01:00:00,6903.3
2018.03.08 01:00:00,6915.7
2018.03.09 01:00:00,6966.0
2018.03.12 01:00:00,7090.9
2018.03.13 01:00:00,7128.5
2018.03.14 01:10:00,7037.9
2018.03.15 01:00:00,7028.5
2018.03.16 01:00:00,7046.7
2018.03.19 01:00:00,7017.7
2018.03.20 01:00:00,6892.2
2018.03.21 01:00:00,6894.2
2018.03.22 01:00:00,6859.8
2018.03.23 01:00:00,6674.8
2018.03.26 01:00:00,6534.5
2018.03.27 01:00:00,6757.4
2018.03.28 01:00:00,6529.5
2018.03.29 01:00:00,6471.5
2018.04.02 01:00:00,6555.7
2018.04.03 01:00:00,6400.8
2018.04.04 01:00:00,6461.1
2018.04.05 01:00:00,6570.3
2018.04.06 01:00:00,6593.6
2018.04.07 00:35:30,6444.7
2018.04.08 00:03:30,6444.7
2018.04.09 01:00:00,6444.7
2018.04.10 01:00:00,6483.5
2018.04.11 00:22:30,6612.4
2018.04.12 01:00:00,6582.9
2018.04.13 01:00:00,6663.2
2018.04.16 00:00:30,6631.6
2018.04.17 01:00:00,6695.2
2018.04.18 01:00:00,6814.5
2018.04.19 01:00:00,6837.5
2018.04.20 01:00:00,6769.6
2018.04.23 01:00:00,6669.8
2018.04.24 01:00:00,6653.3
2018.04.25 01:00:00,6520.5
2018.04.26 01:00:00,6566.7
2018.04.27 01:00:00,6738.1
2018.04.30 01:00:30,6665.0
2018.05.01 01:00:00,6598.4
2018.05.02 01:00:00,6714.9
2018.05.03 01:00:00,6625.4
2018.05.04 01:00:00,6666.1
2018.05.07 00:00:30,6775.2
2018.05.08 01:00:00,6813.3
2018.05.09 01:00:00,6818.4
2018.05.10 01:00:00,6892.8
2018.05.11 01:00:00,6949.7
2018.05.14 01:00:00,6950.2
2018.05.15 01:00:00,6962.8
2018.05.16 01:00:00,6887.1
2018.05.17 01:00:00,6927.5
2018.05.18 01:00:00,6897.0
2018.05.21 01:00:00,6866.6
2018.05.22 01:00:00,6905.8
2018.05.23 01:00:00,6900.3
2018.05.24 01:00:00,6950.7
2018.05.25 01:00:00,6950.1
2018.05.28 01:00:00,6959.9
2018.05.29 00:00:30,6987.8
2018.05.30 01:00:00,6942.2
2018.05.31 01:00:00,6977.7
2018.06.01 00:43:30,6977.2
2018.06.04 00:00:30,7079.9
2018.06.05 01:00:00,7145.0
2018.06.06 01:00:00,7178.9
2018.06.07 01:00:00,7213.1
2018.06.08 01:00:00,7158.8
2018.06.11 01:00:00,7147.6
2018.06.12 01:00:00,7164.9
2018.06.13 01:00:00,7214.4
2018.06.14 01:00:00,7207.3
2018.06.15 01:00:00,7283.0
2018.06.18 01:00:00,7255.6
2018.06.19 01:00:00,7251.3
2018.06.20 01:00:00,7232.5
2018.06.21 00:06:30,7289.3
2018.06.22 01:00:00,7205.0
2018.06.25 00:00:30,7195.1
2018.06.26 01:00:00,7045.8
2018.06.27 00:07:30,7071.0
2018.06.28 01:00:00,6977.5
2018.06.29 01:00:00,7036.8
2018.07.02 00:00:30,7047.3
2018.07.03 01:00:00,7095.0
2018.07.04 00:00:30,7003.8
2018.07.05 00:00:30,7022.9
2018.07.06 01:00:00,7105.6
2018.07.09 00:00:30,7211.1
2018.07.10 01:00:00,7281.1
2018.07.11 01:00:00,7254.1
2018.07.12 00:04:30,7235.6
2018.07.13 01:00:00,7365.8
2018.07.16 00:00:30,7377.9
2018.07.17 01:00:00,7301.8
2018.07.18 01:00:00,7409.8
2018.07.19 01:00:00,7383.3
2018.07.20 01:00:00,7353.8
2018.07.23 00:00:30,7351.9
2018.07.24 01:00:00,7407.6
2018.07.25 01:00:00,7396.1
2018.07.26 01:00:00,7471.4
2018.07.27 01:00:00,7410.5
2018.07.30 00:00:30,7289.1
2018.07.31 01:00:00,7199.8
2018.08.01 01:00:00,7281.8
2018.08.02 01:00:00,7277.5
2018.08.03 01:00:00,7386.1
2018.08.06 00:00:30,7398.2
2018.08.07 01:00:00,7435.0
2018.08.08 01:00:00,7470.6
2018.08.09 01:00:00,7455.5
2018.08.10 01:00:00,7463.4
2018.08.13 01:00:00,7422.3
2018.08.14 01:00:00,7410.3
2018.08.15 01:00:00,7453.4
2018.08.16 01:00:00,7370.4
2018.08.17 01:00:00,7372.2
2018.08.20 00:00:30,7378.5
2018.08.21 01:00:00,7370.9
2018.08.22 01:00:00,7366.1
2018.08.23 01:00:00,7423.8
2018.08.24 01:00:00,7415.3
2018.08.27 01:00:00,7487.2
2018.08.28 01:00:00,7558.9
2018.08.29 01:00:00,7571.8
2018.08.30 01:00:00,7663.7
2018.08.31 01:00:00,7636.2
2018.09.03 01:00:00,7666.6
2018.09.04 00:00:30,7677.1
2018.09.05 01:00:00,7635.5
2018.09.06 01:00:00,7529.3
2018.09.07 01:00:00,7449.6
2018.09.10 00:00:30,7427.9
2018.09.11 01:00:00,7455.9
2018.09.12 01:00:00,7510.6
2018.09.13 01:00:00,7477.7
2018.09.14 01:00:00,7561.6
2018.09.17 00:00:30,7541.6
2018.09.18 01:00:00,7431.7
2018.09.19 01:00:00,7495.2
2018.09.20 01:00:00,7497.0
2018.09.21 01:00:00,7582.5
2018.09.24 01:00:00,7517.2
2018.09.25 00:25:30,7563.3
2018.09.26 00:40:30,7570.9
2018.09.27 00:14:30,7561.0
2018.09.28 01:00:00,7637.3
2018.10.01 00:00:30,7639.1
2018.10.02 01:00:00,7645.7
2018.10.03 01:00:00,7630.8
2018.10.04 01:00:00,7624.0
2018.10.05 01:00:00,7498.2
2018.10.08 01:00:00,7414.9
2018.10.09 01:00:00,7369.8
2018.10.10 01:00:00,7370.2
2018.10.11 01:00:00,6978.0
2018.10.12 01:00:00,7023.5
2018.10.15 00:00:30,7166.7
2018.10.16 00:16:30,7053.3
2018.10.17 01:00:00,7324.2
2018.10.18 01:00:00,7298.4
2018.10.19 01:00:00,7140.2
2018.10.22 01:00:00,7088.9
2018.10.23 01:00:00,7142.2
2018.10.24 01:00:00,7126.3
2018.10.25 01:00:00,6863.6
2018.10.26 01:00:00,6878.0
2018.10.29 01:00:00,6861.4
2018.10.30 01:00:00,6713.1
2018.10.31 01:00:00,6834.2
2018.11.01 01:00:00,6950.7
2018.11.02 01:00:00,7016.6
2018.11.05 01:00:00,6969.4
2018.11.06 01:00:00,6943.1
2018.11.07 01:00:00,7006.6
2018.11.08 01:00:00,7212.0
2018.11.09 01:00:00,7140.3
2018.11.12 01:00:00,7019.4
2018.11.13 01:00:00,6832.0
2018.11.14 01:00:00,6848.4
2018.11.15 01:00:00,6769.7
2018.11.16 01:00:00,6874.3
2018.11.19 01:00:00,6885.5
2018.11.20 00:23:30,6662.1
2018.11.21 01:00:00,6512.7
2018.11.22 01:00:00,6569.6
2018.11.23 01:00:00,6514.9
2018.11.26 01:00:00,6522.1
2018.11.27 01:00:00,6632.9
2018.11.28 01:00:00,6711.9
2018.11.29 01:00:00,6910.0
2018.11.30 01:00:00,6900.6
2018.12.03 01:00:00,6958.0
2018.12.04 01:00:00,7049.4
2018.12.05 01:00:00,6798.7
2018.12.06 00:00:30,6844.8
2018.12.07 01:00:00,6835.7
2018.12.10 01:00:00,6625.6
2018.12.11 01:00:00,6690.4
2018.12.12 01:00:00,6677.9
2018.12.13 01:00:00,6761.2
2018.12.14 01:00:00,6743.6
2018.12.17 01:00:00,6580.8
2018.12.18 01:00:00,6466.4
2018.12.19 01:00:00,6438.0
2018.12.20 01:00:00,6322.7
2018.12.21 01:00:00,6302.1
2018.12.24 01:00:00,6059.7
2018.12.26 08:00:00,5871.3
2018.12.27 01:00:00,6256.8
2018.12.28 01:00:00,6294.3
2018.12.31 01:00:00,6280.2
2019.01.02 00:00:30,6302.6
2019.01.03 01:00:00,6253.3
2019.01.04 01:00:00,6159.5
2019.01.07 01:00:00,6418.6
2019.01.08 01:00:00,6490.7
2019.01.09 01:00:00,6537.6
2019.01.10 01:00:00,6590.2
2019.01.11 01:00:00,6615.7
2019.01.14 01:00:00,6602.9
2019.01.15 01:00:00,6537.0
2019.01.16 01:00:00,6667.2
2019.01.17 01:00:00,6659.7
2019.01.18 01:00:00,6718.7
2019.01.21 01:00:00,6794.6
2019.01.22 00:00:30,6754.1
2019.01.23 01:00:00,6644.0
2019.01.24 00:28:30,6660.1
2019.01.25 01:00:00,6677.4
2019.01.28 01:00:00,6787.5
2019.01.29 01:00:00,6692.0
2019.01.30 00:22:30,6674.0
2019.01.31 01:00:00,6830.5
2019.02.01 01:00:00,6925.8
2019.02.04 01:00:00,6873.9
2019.02.05 01:00:00,6940.7
2019.02.06 01:00:00,7011.2
2019.02.07 01:00:00,6984.9
2019.02.08 01:00:00,6899.8
2019.02.11 00:00:30,6916.8
2019.02.12 01:00:00,6903.7
2019.02.13 01:00:00,7012.5
2019.02.14 01:00:00,7010.6
2019.02.15 01:00:00,7010.6
2019.02.18 01:00:00,7058.5
2019.02.19 00:00:30,7075.6
2019.02.20 01:00:00,7063.9
2019.02.21 01:00:00,7063.8
2019.02.22 01:00:00,7030.2
2019.02.25 00:00:30,7093.3
2019.02.26 01:00:00,7115.2
2019.02.27 01:00:00,7104.7
2019.02.28 01:00:00,7117.6
2019.03.01 01:00:00,7105.1
2019.03.04 01:00:00,7153.0
2019.03.05 01:00:00,7139.6
2019.03.06 01:00:00,7155.1
2019.03.07 01:00:00,7105.6
2019.03.08 01:00:30,7024.9
2019.03.11 01:00:00,7028.8
2019.03.12 01:00:00,7170.0
2019.03.13 01:00:00,7209.2
2019.03.14 01:00:00,7269.2
2019.03.15 01:00:00,7241.3
2019.03.18 01:00:00,7315.9
2019.03.19 01:00:00,7332.9
2019.03.20 01:00:00,7348.7
2019.03.21 01:00:00,7366.5
2019.03.22 01:00:00,7498.8
2019.03.25 01:00:00,7329.5
2019.03.26 01:00:00,7332.4
2019.03.27 01:00:00,7352.7
2019.03.28 01:00:00,7297.0
2019.03.29 01:00:00,7328.7
2019.04.01 01:00:00,7387.3
2019.04.02 01:00:00,7473.3
2019.04.03 01:00:00,7490.3
2019.04.04 01:00:00,7555.2
2019.04.05 01:00:00,7535.9
2019.04.08 00:00:30,7583.5
2019.04.09 01:00:00,7601.9
2019.04.10 00:35:30,7563.9
2019.04.11 01:00:00,7620.2
2019.04.12 01:00:00,7596.5
2019.04.15 01:00:00,7630.9
2019.04.16 01:00:00,7627.8
2019.04.17 01:00:00,7654.2
2019.04.18 01:00:00,7666.5
2019.04.22 01:00:00,7694.4
2019.04.23 01:00:00,7719.8
2019.04.24 00:31:30,7812.1
2019.04.25 01:00:00,7819.4
2019.04.26 01:00:00,7779.4
2019.04.29 01:00:00,7819.8
2019.04.30 00:23:30,7789.6
2019.05.01 01:00:00,7834.6
2019.05.02 01:00:00,7722.5
2019.05.03 01:00:00,7723.9
2019.05.06 01:00:00,7858.7
2019.05.07 01:00:00,7736.3
2019.05.08 01:00:00,7659.4
2019.05.09 01:00:00,7629.9
2019.05.10 01:00:00,7582.9
2019.05.13 01:00:00,7598.7
2019.05.14 01:00:00,7301.9
2019.05.15 01:00:00,7414.4
2019.05.16 00:03:30,7514.1
2019.05.17 01:00:00,7589.0
2019.05.20 01:00:00,7498.3
2019.05.21 01:00:00,7393.1
2019.05.22 01:00:00,7449.8
2019.05.23 01:00:00,7416.0
2019.05.24 01:00:00,7305.7
2019.05.27 01:00:00,7303.5
2019.05.28 00:00:30,7311.0
2019.05.29 00:24:30,7282.8
2019.05.30 01:00:00,7206.4
2019.05.31 01:00:00,7245.9
2019.06.03 01:00:00,7130.3
2019.06.04 01:00:00,7003.3
2019.06.05 01:00:00,7180.2
2019.06.06 01:00:00,7225.7
2019.06.07 01:00:00,7258.0
2019.06.10 01:00:00,7421.7
2019.06.11 01:00:00,7513.9
2019.06.12 01:00:00,7513.6
2019.06.13 01:00:00,7470.7
2019.06.14 01:00:00,7506.4
2019.06.17 01:00:00,7479.4
2019.06.18 01:00:00,7536.6
2019.06.19 01:00:00,7642.3
2019.06.20 01:00:00,7667.6
2019.06.21 01:00:00,7734.6
2019.06.24 01:00:00,7717.0
2019.06.25 01:00:00,7727.8
2019.06.26 01:00:00,7604.3
2019.06.27 01:00:00,7613.6
2019.06.28 01:00:00,7657.5
2019.07.01 01:00:00,7695.4
2019.07.02 01:00:00,7764.8
2019.07.03 01:00:00,7815.2
2019.07.04 01:00:00,7861.3
2019.07.05 00:00:30,7874.2
2019.07.08 01:00:00,7827.6
2019.07.09 01:00:00,7777.1
2019.07.10 01:00:00,7823.6
2019.07.11 01:00:00,7900.0
2019.07.12 01:00:00,7894.3
2019.07.15 01:00:00,7934.4
2019.07.16 01:00:00,7962.0
2019.07.17 01:00:00,7915.7
2019.07.18 01:00:00,7847.7
2019.07.19 01:00:00,7928.2
2019.07.22 01:00:00,7800.6
2019.07.23 01:00:00,7909.3
2019.07.24 01:00:00,7923.9
2019.07.25 01:00:00,7984.1
2019.07.26 01:00:00,7965.0
2019.07.29 01:00:00,8000.1
2019.07.30 01:00:00,7990.5
2019.07.31 01:00:00,7974.0
2019.08.01 01:00:00,7826.2
2019.08.02 01:00:00,7777.2
2019.08.05 01:00:00,7696.5
2019.08.06 00:22:30,7360.1
2019.08.07 01:00:00,7510.0
2019.08.08 01:00:00,7543.6
2019.08.09 01:00:00,7721.2
2019.08.12 01:00:00,7659.5
2019.08.13 01:00:00,7563.4
2019.08.14 01:00:00,7742.6
2019.08.15 00:50:30,7466.3
2019.08.16 01:00:00,7496.7
2019.08.19 01:00:00,7601.5
2019.08.20 01:00:00,7711.5
2019.08.21 01:00:00,7649.3
2019.08.22 01:00:00,7747.2
2019.08.23 01:00:00,7698.3
2019.08.26 01:00:00,7484.2
2019.08.27 01:00:00,7581.7
2019.08.28 01:00:00,7558.7
2019.08.29 01:00:00,7574.4
2019.08.30 01:00:00,7698.6
2019.09.02 01:00:00,7670.7
2019.09.03 00:00:30,7609.7
2019.09.04 01:00:00,7612.1
2019.09.05 01:00:00,7717.9
2019.09.06 01:00:00,7845.3
2019.09.09 01:00:00,7859.5
2019.09.10 01:00:00,7828.2
2019.09.11 01:00:00,7815.4
2019.09.12 01:00:00,7888.0
2019.09.13 01:00:00,7905.7
2019.09.16 01:00:00,7884.5
2019.09.17 01:00:00,7860.6
2019.09.18 01:00:00,7890.9
2019.09.19 01:00:00,7897.4
2019.09.20 01:00:00,7893.2
2019.09.23 01:00:00,7808.4
2019.09.24 01:00:00,7845.0
2019.09.25 01:00:00,7718.1
2019.09.26 01:00:00,7803.4
2019.09.27 01:00:00,7766.4
2019.09.30 01:00:00,7695.9
2019.10.01 01:00:00,7767.5
2019.10.02 01:00:00,7690.5
2019.10.03 01:00:00,7541.9
2019.10.04 01:00:00,7644.8
2019.10.07 01:00:00,7754.6
2019.10.08 01:00:00,7726.1
2019.10.09 01:00:00,7610.2
2019.10.10 01:00:00,7692.6
2019.10.11 01:00:00,7776.6
2019.10.14 01:00:00,7845.1
2019.10.15 01:00:00,7846.9
2019.10.16 01:00:00,7948.3
2019.10.17 01:00:00,7939.6
2019.10.18 01:00:00,7942.1
2019.10.21 01:00:00,7871.6
2019.10.22 01:00:00,7939.4
2019.10.23 01:00:00,7832.5
2019.10.24 01:00:00,7906.2
2019.10.25 01:00:00,7916.9
2019.10.28 01:00:00,8029.6
2019.10.29 01:00:00,8103.4
2019.10.30 01:00:00,8048.3
2019.10.31 01:00:00,8109.8
2019.11.01 01:00:00,8086.2
2019.11.04 01:00:00,8158.3
2019.11.05 01:00:00,8214.3
2019.11.06 01:00:00,8206.7
2019.11.07 01:00:00,8206.5
2019.11.08 01:00:00,8224.1
2019.11.11 01:11:00,8253.0
2019.11.12 01:00:00,8246.7
2019.11.13 01:00:00,8262.9
2019.11.14 01:00:00,8262.7
2019.11.15 01:00:00,8262.0
2019.11.18 01:00:00,8315.7
2019.11.19 01:00:00,8328.0
2019.11.20 01:00:00,8328.4
2019.11.21 01:00:00,8279.4
2019.11.22 01:00:00,8269.5
2019.11.25 01:00:00,8274.9
2019.11.26 01:00:00,8370.0
2019.11.27 01:00:00,8396.9
2019.11.28 01:00:00,8451.5
2019.11.29 01:00:00,8438.8
2019.12.02 01:00:00,8418.0
2019.12.03 01:00:00,8306.3
2019.12.04 01:00:00,8251.8
2019.12.05 01:00:00,8292.9
2019.12.06 01:00:00,8307.7
2019.12.09 01:00:00,8399.1
2019.12.10 01:00:00,8347.6
2019.12.11 01:00:00,8363.8
2019.12.12 01:00:00,8404.0
2019.12.13 00:16:30,8466.8
2019.12.16 01:00:00,8490.9
2019.12.17 01:00:00,8575.2
2019.12.18 01:00:00,8571.6
2019.12.19 01:00:00,8592.8
2019.12.20 01:00:00,8649.3
2019.12.23 01:00:00,8678.6
2019.12.24 01:00:00,8700.2
2019.12.26 08:00:00,8701.3
2019.12.27 00:04:30,8776.4
2019.12.30 01:00:00,8755.2
2019.12.31 01:00:00,8708.6
2020.01.02 08:00:00,8706.8
2020.01.03 01:00:00,8882.4
2020.01.06 01:00:00,8792.8
2020.01.07 01:00:00,8835.6
2020.01.08 01:00:00,8827.6
2020.01.09 01:00:00,8929.5
2020.01.10 01:00:00,8992.3
2020.01.13 01:00:00,8960.5
2020.01.14 01:00:00,9073.2
2020.01.15 01:00:00,9047.9
2020.01.16 01:00:00,9045.6
2020.01.17 01:00:30,9124.0
2020.01.20 01:00:00,9159.9
2020.01.21 01:00:00,9164.2
2020.01.22 01:00:00,9162.3
2020.01.23 01:00:00,9175.3
2020.01.24 01:00:00,9240.7
2020.01.27 01:00:00,9126.7
2020.01.28 01:00:00,8951.4
2020.01.29 01:00:00,9114.9
2020.01.30 01:00:00,9098.3
2020.01.31 01:00:00,9228.3
2020.02.03 01:00:00,9007.1
2020.02.04 01:00:00,9098.0
2020.02.05 01:00:00,9353.9
2020.02.06 01:00:00,9380.2
2020.02.07 01:00:00,9455.0
2020.02.10 01:00:00,9390.6
2020.02.11 01:00:00,9517.1
2020.02.12 01:00:00,9523.3
2020.02.13 01:00:00,9614.5
2020.02.14 01:00:00,9616.2
2020.02.17 01:00:00,9627.0
2020.02.18 00:00:30,9659.3
2020.02.19 01:00:00,9631.9
2020.02.20 01:00:00,9723.4
2020.02.21 01:00:00,9608.4
2020.02.24 01:00:00,9445.9
2020.02.25 01:00:00,9089.4
2020.02.26 01:00:00,8868.3
2020.02.27 01:00:00,8815.1
2020.02.28 01:00:00,8335.4
2020.03.02 01:00:00,8543.4
2020.03.03 01:00:00,8817.9
2020.03.04 01:00:00,8557.5
2020.03.05 01:00:00,8888.3
2020.03.06 01:00:00,8673.3
2020.03.09 01:00:00,8502.4
2020.03.10 01:00:00,7917.8
2020.03.11 01:00:00,8362.5
2020.03.12 01:00:00,8011.9
2020.03.13 01:00:00,7167.4
2020.03.16 01:00:00,7827.6
2020.03.17 01:00:00,7062.6
2020.03.18 01:01:00,7365.9
2020.03.19 01:00:00,7251.7
2020.03.20 01:00:00,7199.2
2020.03.23 01:00:00,6947.4
2020.03.24 01:00:00,6981.0
2020.03.25 01:00:00,7557.4
2020.03.26 01:00:00,7486.0
2020.03.27 01:00:00,7879.3
2020.03.30 01:00:00,7572.7
2020.03.31 01:00:00,7870.3
2020.04.01 01:00:00,7799.1
2020.04.02 01:00:00,7480.5
2020.04.03 01:00:00,7638.2
2020.04.06 01:00:00,7539.6
2020.04.07 01:00:00,8049.3
2020.04.08 01:00:00,8008.9
2020.04.09 01:00:00,8211.0
2020.04.13 01:00:00,8252.6
2020.04.14 01:00:00,8350.1
2020.04.15 01:00:00,8715.4
2020.04.16 01:00:00,8585.6
2020.04.17 01:00:00,8845.8
2020.04.20 01:00:00,8822.0
2020.04.21 01:00:00,8723.2
2020.04.22 01:00:00,8451.8
2020.04.23 01:00:00,8647.6
2020.04.24 01:00:00,8614.4
2020.04.27 01:00:00,8776.7
2020.04.28 01:00:00,8829.7
2020.04.29 01:00:00,8711.0
2020.04.30 01:00:00,9128.3
2020.05.01 01:00:00,8881.6
2020.05.04 01:00:00,8716.1
2020.05.05 01:00:00,8820.9
2020.05.06 01:00:00,8944.3
2020.05.07 01:00:00,8959.4
2020.05.08 01:00:00,9129.2
2020.05.11 01:00:00,9228.5
2020.05.12 01:00:00,9287.7
2020.05.13 01:00:00,9054.1
2020.05.14 01:00:00,9021.4
2020.05.15 01:00:00,9096.2
2020.05.18 01:00:00,9126.1
2020.05.19 01:00:00,9325.1
2020.05.20 01:00:00,9303.1
2020.05.21 01:00:00,9496.9
2020.05.22 01:00:00,9362.7
2020.05.25 01:00:00,9424.8
2020.05.26 00:00:30,9533.5
2020.05.27 01:00:00,9415.0
2020.05.28 01:00:00,9443.7
2020.05.29 01:00:00,9464.4
2020.06.01 01:00:00,9589.7
2020.06.02 01:00:00,9598.4
2020.06.03 01:00:00,9662.7
2020.06.04 01:00:00,9693.4
2020.06.05 01:00:00,9646.7
2020.06.08 01:00:00,9808.3
2020.06.09 01:00:00,9885.9
2020.06.10 01:00:00,9962.9
2020.06.11 01:00:00,10088.6
2020.06.12 01:00:00,9622.5
2020.06.15 01:00:00,9646.3
2020.06.16 01:00:00,9814.1
2020.06.17 01:00:00,9969.2
2020.06.18 01:00:00,9998.2
2020.06.19 01:00:00,10001.6
2020.06.22 01:00:00,9937.5
2020.06.23 01:00:00,10136.2
2020.06.24 01:00:00,10188.7
2020.06.25 01:00:00,10025.9
2020.06.26 01:00:00,10107.9
2020.06.29 01:00:00,9856.8
2020.06.30 01:00:00,10000.6
2020.07.01 01:00:00,10150.9
2020.07.02 01:00:00,10270.3
2020.07.03 01:00:00,10359.9
2020.07.06 01:00:00,10340.5
2020.07.07 01:00:00,10608.8
2020.07.08 01:00:00,10537.2
2020.07.09 01:00:00,10683.7
2020.07.10 01:00:00,10735.9
2020.07.13 01:00:00,10854.1
2020.07.14 01:00:00,10611.5
2020.07.15 01:00:00,10656.2
2020.07.16 01:00:00,10702.1
2020.07.17 01:00:00,10546.9
2020.07.20 01:00:00,10637.0
2020.07.21 01:00:00,10959.2
2020.07.22 01:00:00,10856.1
2020.07.23 01:00:00,10855.9
2020.07.24 01:00:00,10576.8
2020.07.27 01:00:00,10476.5
2020.07.28 01:00:00,10692.9
2020.07.29 01:00:00,10560.1
2020.07.30 01:00:00,10710.8
2020.07.31 01:00:00,10900.0
2020.08.03 01:00:00,10928.1
2020.08.04 01:00:00,11063.1
2020.08.05 01:00:00,11091.9
2020.08.06 01:00:00,11108.3
2020.08.07 01:00:00,11269.3
2020.08.10 01:00:00,11138.4
2020.08.11 01:00:00,11089.3
2020.08.12 01:00:00,10916.1
2020.08.13 01:00:00,11125.6
2020.08.14 01:00:00,11188.6
2020.08.17 01:00:00,11153.4
2020.08.18 01:00:00,11292.4
2020.08.19 01:00:00,11417.8
2020.08.20 01:00:00,11324.9
2020.08.21 01:00:00,11484.0
2020.08.24 01:00:00,11567.2
2020.08.25 01:00:00,11636.4
2020.08.26 01:00:00,11739.2
2020.08.27 01:00:00,11989.9
2020.08.28 01:00:00,11950.5
2020.08.31 01:00:00,12001.5
2020.09.01 01:00:00,12105.9
2020.09.02 01:00:00,12330.8
2020.09.03 01:00:00,12408.2
2020.09.04 01:00:00,11804.1
2020.09.07 01:00:00,11542.9
2020.09.08 00:00:30,11502.0
2020.09.09 01:00:00,11046.1
2020.09.10 01:00:00,11371.8
2020.09.11 01:00:00,11176.9
2020.09.14 01:00:00,11074.3
2020.09.15 01:00:00,11274.6
2020.09.16 01:03:00,11461.0
2020.09.17 01:00:00,11265.5
2020.09.18 01:00:00,11084.8
2020.09.21 01:00:00,10955.8
2020.09.22 01:00:00,10996.3
2020.09.23 01:00:00,11170.6
2020.09.24 01:00:00,10837.0
2020.09.25 01:00:00,10929.4
2020.09.28 01:00:00,11143.7
2020.09.29 01:00:00,11403.8
2020.09.30 01:00:00,11332.1
2020.10.01 01:00:00,11367.9
2020.10.02 01:00:00,11579.7
2020.10.05 01:00:00,11270.6
2020.10.06 01:00:00,11485.2
2020.10.07 01:00:00,11219.6
2020.10.08 01:00:00,11486.3
2020.10.09 01:00:00,11572.3
2020.10.12 01:00:00,11737.7
2020.10.13 01:00:00,12099.6
2020.10.14 01:00:00,12088.0
2020.10.15 01:00:00,11950.5
2020.10.16 01:00:00,11894.2
2020.10.19 01:00:00,11806.3
2020.10.20 01:00:00,11705.6
2020.10.21 01:00:00,11660.4
2020.10.22 01:00:00,11697.8
2020.10.23 01:00:00,11669.1
2020.10.26 01:00:00,11681.8
2020.10.27 01:00:00,11511.1
2020.10.28 01:00:00,11568.7
2020.10.29 01:00:00,11187.6
2020.10.30 01:00:00,11254.1
2020.11.02 01:00:00,11100.3
2020.11.03 01:00:00,11083.9
2020.11.04 01:00:00,11256.7
2020.11.05 01:00:00,11821.2
2020.11.06 01:00:00,12096.3
2020.11.09 01:00:00,12100.8
2020.11.10 01:00:00,11853.1
2020.11.11 01:00:00,11628.1
2020.11.12 01:00:00,11901.6
2020.11.13 01:00:00,11868.6
2020.11.16 01:00:00,11950.4
2020.11.17 01:00:00,12045.7
2020.11.18 01:00:00,11973.7
2020.11.19 01:00:00,11875.9
2020.11.20 01:00:00,11964.7
2020.11.23 01:00:00,11909.6
2020.11.24 01:00:00,11916.7
2020.11.25 01:00:00,12101.8
2020.11.26 01:00:00,12168.3
2020.11.27 01:00:00,12149.4
2020.11.30 01:00:00,12274.5
2020.12.01 01:00:00,12319.0
2020.12.02 01:00:00,12457.1
2020.12.03 01:00:00,12461.5
2020.12.04 01:00:00,12486.8
2020.12.07 01:00:00,12507.5
2020.12.08 01:00:00,12570.3
2020.12.09 01:00:00,12645.3
2020.12.10 01:00:00,12352.0
2020.12.11 01:00:00,12389.9
2020.12.14 01:00:00,12371.7
2020.12.15 01:00:00,12463.6
2020.12.16 01:00:00,12594.8
2020.12.17 01:00:00,12674.2
2020.12.18 01:00:00,12747.3
2020.12.21 01:00:00,12746.4
2020.12.22 01:00:00,12690.5
2020.12.23 01:00:00,12712.0
2020.12.24 01:00:00,12660.8
2020.12.28 01:00:00,12707.5
2020.12.29 01:00:00,12845.5
2020.12.30 01:00:00,12863.9
2020.12.31 01:00:00,12846.2
2021.01.04 01:00:00,12822.0
2021.01.05 01:00:00,12694.9
2021.01.06 01:00:00,12811.9
2021.01.07 01:00:00,12668.2
2021.01.08 01:00:00,12935.3
2021.01.11 01:00:00,13134.1
2021.01.12 01:00:00,12913.4
2021.01.13 01:00:00,12890.1
2021.01.14 01:00:00,12981.9
2021.01.15 01:00:00,12905.9
2021.01.18 01:00:00,12768.4
2021.01.19 01:00:00,12818.1
2021.01.20 01:00:00,13038.0
2021.01.21 01:00:00,13297.5
2021.01.22 01:00:00,13406.5
2021.01.25 01:00:00,13361.4
2021.01.26 01:00:00,13473.8
2021.01.27 01:00:00,13559.8
2021.01.28 01:00:00,13070.4
2021.01.29 01:00:00,13162.6
2021.02.01 01:00:00,12883.6
2021.02.02 01:00:00,13244.9
2021.02.03 01:00:00,13509.0
2021.02.04 01:00:00,13428.6
2021.02.05 01:00:00,13573.2
2021.02.08 01:00:00,13608.9
2021.02.09 01:00:00,13692.3
2021.02.10 01:00:00,13704.5
2021.02.11 01:00:00,13672.6
2021.02.12 01:00:00,13716.8
2021.02.15 01:00:00,13826.2
2021.02.16 01:00:00,13877.2
2021.02.17 01:00:00,13761.3
2021.02.18 01:00:00,13703.2
2021.02.19 01:00:00,13643.1
2021.02.22 01:00:00,13574.8
2021.02.23 01:00:00,13225.2
2021.02.24 01:00:00,13164.4
2021.02.25 01:00:00,13321.0
2021.02.26 01:00:00,12790.0
2021.03.01 01:00:00,12911.6
2021.03.02 01:00:00,13316.0
2021.03.03 01:00:00,13059.5
2021.03.04 01:00:00,12685.7
2021.03.05 01:00:00,12434.2
2021.03.08 01:00:00,12659.5
2021.03.09 01:00:00,12336.3
2021.03.10 01:00:00,12794.2
2021.03.11 01:00:00,12790.4
2021.03.12 01:00:00,13044.5
2021.03.15 01:00:00,12937.8
2021.03.16 01:00:00,13082.0
2021.03.17 01:01:00,13164.7
2021.03.18 01:00:00,13183.0
2021.03.19 01:00:00,12810.9
2021.03.22 01:00:00,12843.4
2021.03.23 01:00:00,13077.1
2021.03.24 01:00:00,13042.7
2021.03.25 01:00:00,12809.1
2021.03.26 01:00:00,12802.7
2021.03.29 01:00:00,12973.8
2021.03.30 01:00:00,12978.7
2021.03.31 01:00:00,12905.3
2021.04.01 01:00:00,13103.0
2021.04.02 01:00:00,13339.4
2021.04.05 01:00:00,13360.7
2021.04.06 01:00:00,13610.0
2021.04.07 01:00:00,13591.8
2021.04.08 01:00:00,13629.7
2021.04.09 01:00:00,13795.9
2021.04.12 01:00:00,13819.4
2021.04.13 01:00:00,13834.1
2021.04.14 01:00:00,13982.4
2021.04.15 01:00:00,13833.8
2021.04.16 01:00:00,14003.6
2021.04.19 01:00:00,14035.8
2021.04.20 01:00:00,13903.1
2021.04.21 01:00:00,13744.0
2021.04.22 01:00:00,13903.3
2021.04.23 01:00:00,13774.5
2021.04.26 01:00:00,13914.2
2021.04.27 01:00:00,14034.0
2021.04.28 01:00:00,13964.2
2021.04.29 01:00:00,13982.6
2021.04.30 01:00:00,13957.3
2021.05.03 01:00:00,13878.1
2021.05.04 01:00:00,13795.0
2021.05.05 01:00:00,13533.1
2021.05.06 01:00:00,13497.6
2021.05.07 01:00:00,13615.0
2021.05.10 01:00:00,13723.3
2021.05.11 01:00:00,13320.9
2021.05.12 01:00:00,13324.1
2021.05.13 01:00:00,12971.6
2021.05.14 01:00:00,13095.9
2021.05.17 01:00:00,13403.2
2021.05.18 01:00:00,13318.9
2021.05.19 01:00:00,13193.7
2021.05.20 01:00:00,13223.0
2021.05.21 01:00:00,13493.3
2021.05.24 01:00:00,13416.4
2021.05.25 01:00:00,13652.0
2021.05.26 01:00:00,13669.8
2021.05.27 01:00:00,13705.2
2021.05.28 01:00:00,13694.2
2021.05.31 01:00:00,13690.0
2021.06.01 01:00:00,13658.4
2021.06.02 01:00:00,13650.5
2021.06.03 01:00:00,13680.4
2021.06.04 01:00:00,13534.7
2021.06.07 01:00:00,13765.4
2021.06.08 01:00:00,13822.2
2021.06.09 01:00:00,13811.8
2021.06.10 01:00:00,13810.9
2021.06.11 01:00:00,13971.1
2021.06.14 01:00:00,13991.6
2021.06.15 01:00:00,14115.8
2021.06.16 01:18:30,14043.5
2021.06.17 01:00:00,13941.2
2021.06.18 01:00:00,14181.4
2021.06.21 01:00:00,14025.4
2021.06.22 01:00:00,14144.1
2021.06.23 01:00:00,14279.5
2021.06.24 01:00:00,14284.2
2021.06.25 01:00:00,14368.2
2021.06.28 01:00:00,14339.9
2021.06.29 01:00:00,14511.4
2021.06.30 01:00:00,14590.6
2021.07.01 01:00:00,14564.2
2021.07.02 01:00:00,14549.1
2021.07.05 01:00:00,14707.9
2021.07.06 01:00:00,14700.0
2021.07.07 01:00:00,14770.1
2021.07.08 01:00:00,14820.2
2021.07.09 01:00:00,14723.3
2021.07.12 01:00:00,14821.2
2021.07.13 01:00:00,14885.8
2021.07.14 01:00:00,14872.7
2021.07.15 01:00:00,14902.6
2021.07.16 01:00:00,14780.9
2021.07.19 01:00:00,14676.3
2021.07.20 01:00:00,14601.2
2021.07.21 01:00:00,14734.7
2021.07.22 01:00:00,14848.8
2021.07.23 01:00:00,14989.0
2021.07.26 01:00:00,15103.3
2021.07.27 01:00:00,15131.5
2021.07.28 01:00:00,14890.4
2021.07.29 01:00:00,14992.8
2021.07.30 01:00:00,14920.4
2021.08.02 01:00:00,14975.5
2021.08.03 01:00:00,14971.6
2021.08.04 01:00:00,15046.6
2021.08.05 01:00:00,15094.5
2021.08.06 01:00:00,15182.9
2021.08.09 01:00:00,15101.8
2021.08.10 01:00:00,15137.3
2021.08.11 01:00:00,15057.1
2021.08.12 01:00:00,15015.6
2021.08.13 01:00:00,15087.1
2021.08.16 01:00:00,15128.8
2021.08.17 01:00:00,15140.4
2021.08.18 01:00:00,14976.0
2021.08.19 01:00:00,14843.5
2021.08.20 01:00:00,14945.1
2021.08.23 01:00:00,15097.2
2021.08.24 01:00:00,15332.2
2021.08.25 01:00:00,15366.7
2021.08.26 01:00:00,15371.1
2021.08.27 01:00:00,15290.7
2021.08.30 01:00:00,15432.0
2021.08.31 01:00:00,15611.9
2021.09.01 01:00:00,15601.2
2021.09.02 01:00:00,15612.2
2021.09.03 01:00:00,15598.8
2021.09.06 01:00:00,15652.3
2021.09.07 01:00:00,15700.1
2021.09.08 01:00:00,15671.4
2021.09.09 01:00:00,15608.4
2021.09.10 01:00:00,15560.4
2021.09.13 01:00:00,15447.6
2021.09.14 01:00:00,15449.9
2021.09.15 01:03:00,15394.3
2021.09.16 01:00:00,15512.8
2021.09.17 01:00:00,15503.4
2021.09.20 01:00:00,15296.9
2021.09.21 01:00:00,15001.0
2021.09.22 01:00:00,15001.0
2021.09.23 01:00:00,15188.7
2021.09.24 01:00:00,15308.4
2021.09.27 01:00:00,15330.8
2021.09.28 01:00:00,15183.8
2021.09.29 01:00:00,14781.0
2021.09.30 01:00:00,14777.0
2021.10.01 01:00:00,14702.4
2021.10.04 01:00:00,14790.6
2021.10.05 01:00:00,14502.7
2021.10.06 01:00:00,14672.9
2021.10.07 01:00:00,14778.3
2021.10.08 01:00:00,14899.1
2021.10.11 01:00:00,14816.9
2021.10.12 01:00:00,14697.4
2021.10.13 01:00:00,14611.0
2021.10.14 01:00:00,14778.7
2021.10.15 01:00:00,15075.4
2021.10.18 01:00:00,15154.8
2021.10.19 01:00:00,15298.6
2021.10.20 01:00:00,15424.8
2021.10.21 01:00:00,15368.4
2021.10.22 01:00:00,15395.0
2021.10.25 01:00:00,15334.4
2021.10.26 01:00:00,15554.5
2021.10.27 01:00:00,15537.9
2021.10.28 01:00:00,15607.9
2021.10.29 01:00:00,15680.8
2021.11.01 01:00:00,15875.7
2021.11.02 01:00:00,15898.2
2021.11.03 01:00:00,15969.0
2021.11.04 01:00:00,16144.0
2021.11.05 01:00:00,16347.4
2021.11.08 01:00:00,16352.5
2021.11.09 01:00:00,16331.5
2021.11.10 01:00:00,16204.3
2021.11.11 01:00:00,15990.1
2021.11.12 01:00:00,16044.3
2021.11.15 01:00:00,16207.7
2021.11.16 01:00:00,16202.0
2021.11.17 01:00:00,16297.3
2021.11.18 01:00:00,16323.7
2021.11.19 01:00:00,16507.5
2021.11.22 01:00:00,16587.2
2021.11.23 01:00:00,16400.9
2021.11.24 01:00:00,16300.0
2021.11.25 01:00:00,16356.5
2021.11.26 01:00:00,16407.9
2021.11.29 01:00:00,16042.1
2021.11.30 01:00:00,16415.7
2021.12.01 01:00:00,16238.1
2021.12.02 01:00:00,15861.0
2021.12.03 01:00:00,16014.8
2021.12.06 01:00:00,15689.1
2021.12.07 01:00:00,15848.6
2021.12.08 01:00:00,16366.4
2021.12.09 01:00:00,16382.2
2021.12.10 01:00:00,16156.1
2021.12.13 01:00:00,16323.6
2021.12.14 01:00:00,16095.9
2021.12.15 01:02:00,15931.6
2021.12.16 01:00:00,16288.0
2021.12.17 01:00:00,15883.8
2021.12.20 01:00:00,15833.5
2021.12.21 01:00:00,15680.7
2021.12.22 01:00:00,15980.9
2021.12.23 01:00:00,16186.4
2021.12.27 01:00:00,16306.7
2021.12.28 01:00:00,16573.5
2021.12.29 01:00:00,16513.6
2021.12.30 01:00:00,16481.6
2021.12.31 01:00:00,16435.8
2022.01.03 01:00:00,16379.0
2022.01.04 01:00:00,16502.2
2022.01.05 01:00:00,16266.8
2022.01.06 01:00:00,15760.6
2022.01.07 01:00:00,15799.7
2022.01.10 01:00:00,15582.0
2022.01.11 01:00:00,15626.0
2022.01.12 01:00:00,15835.78
2022.01.13 01:00:00,15903.0
2022.01.14 01:00:00,15511.5
2022.01.17 01:00:00,15628.3
2022.01.18 01:00:00,15568.3
2022.01.19 01:00:00,15251.9
2022.01.20 01:00:00,15046.4
2022.01.21 01:00:00,14733.9
2022.01.24 01:00:00,14426.5
2022.01.25 01:00:00,14530.7
2022.01.26 01:00:00,13935.8
2022.01.27 01:00:00,14166.8
2022.01.28 01:00:00,14123.3
2022.01.31 01:00:00,14443.6
2022.02.01 01:00:00,14880.5
2022.02.02 01:00:00,15133.0
2022.02.03 01:00:00,14878.3
2022.02.04 01:00:00,14819.4
2022.02.07 01:00:00,14655.1
2022.02.08 01:00:00,14614.9
2022.02.09 01:00:00,14755.3
2022.02.10 01:00:00,15065.0
2022.02.11 01:00:00,14708.9
2022.02.14 01:00:00,14267.8
2022.02.15 01:00:00,14270.3
2022.02.16 01:00:00,14596.0
2022.02.17 01:00:00,14600.8
2022.02.18 01:00:00,14162.1
2022.02.21 01:00:00,14001.4
2022.02.22 01:00:00,13741.0
2022.02.23 01:00:00,13928.1
2022.02.24 01:00:00,13491.7
2022.02.25 01:00:00,13914.9
2022.02.28 01:00:00,14192.7
2022.03.01 01:00:00,14223.8
2022.03.02 01:00:00,14028.6
2022.03.03 01:00:00,14200.3
2022.03.04 01:00:00,14068.4
2022.03.07 01:00:00,13802.1
2022.03.08 01:00:00,13271.8
2022.03.09 01:00:00,13201.9
2022.03.10 01:00:00,13776.7
2022.03.11 01:00:00,13574.8
2022.03.14 01:00:00,13306.9
2022.03.15 01:00:00,13081.1
2022.03.16 01:03:00,13442.8
2022.03.17 01:00:00,13998.3
2022.03.18 01:00:00,14054.2
2022.03.21 01:00:00,14440.8
2022.03.22 01:00:00,14397.1
2022.03.23 01:00:00,14654.4
2022.03.24 01:00:00,14463.9
2022.03.25 01:00:00,14762.1
2022.03.28 01:00:00,14751.5
2022.03.29 01:00:00,14979.3
2022.03.30 01:00:00,15221.0
2022.03.31 01:00:00,15105.0
2022.04.01 01:00:00,14914.2
2022.04.04 01:00:00,14849.1
2022.04.05 01:00:00,15153.6
2022.04.06 01:00:00,14855.9
2022.04.07 01:00:00,14487.0
2022.04.08 01:00:00,14530.3
2022.04.11 01:00:00,14325.0
2022.04.12 01:00:00,13997.8
2022.04.13 01:00:00,13947.9
2022.04.14 01:00:00,14205.3
2022.04.18 01:00:00,13891.9
2022.04.19 01:00:00,13963.2
2022.04.20 01:00:00,14091.3
2022.04.21 01:00:00,14066.1
2022.04.22 01:00:00,13711.7
2022.04.25 01:00:00,13311.8
2022.04.26 01:00:00,13526.2
2022.04.27 01:00:00,12810.2
2022.04.28 01:00:00,13165.5
2022.04.29 01:00:00,13307.0
2022.05.02 01:00:00,12890.5
2022.05.03 01:00:00,13050.2
2022.05.04 01:00:00,13119.1
2022.05.05 01:00:00,13496.9
2022.05.06 01:00:00,12898.6
2022.05.09 01:07:00,12665.4
2022.05.10 01:00:00,12204.1
2022.05.11 01:00:00,12325.7
2022.05.12 01:00:00,12007.1
2022.05.13 01:00:00,11871.3
2022.05.16 01:00:00,12361.4
2022.05.17 01:00:00,12234.3
2022.05.18 01:00:00,12571.7
2022.05.19 01:00:00,11891.4
2022.05.20 01:00:00,11898.9
2022.05.23 01:00:00,11832.9
2022.05.24 01:00:00,12052.0
2022.05.25 01:00:00,11808.0
2022.05.26 01:00:00,11883.2
2022.05.27 01:00:00,12256.3
2022.05.30 01:01:00,12715.2
2022.05.31 01:00:00,12803.0
2022.06.01 01:00:00,12654.0
2022.06.02 01:00:00,12546.0
2022.06.03 01:00:00,12893.8
2022.06.06 01:00:00,12546.3
2022.06.07 01:00:00,12603.5
2022.06.08 01:00:00,12675.2
2022.06.09 01:00:00,12619.5
2022.06.10 01:00:00,12296.0
2022.06.13 01:00:00,11860.3
2022.06.14 01:00:00,11329.5
2022.06.15 01:10:00,11324.8
2022.06.16 01:00:00,11586.4
2022.06.17 01:00:00,11170.5
2022.06.20 01:00:00,11271.7
2022.06.21 01:00:00,11389.2
2022.06.22 01:00:00,11546.9
2022.06.23 01:00:00,11506.8
2022.06.24 01:00:00,11651.1
2022.06.27 01:00:00,12097.9
2022.06.28 01:00:00,12038.9
2022.06.29 01:00:00,11649.0
2022.06.30 01:00:00,11657.2
2022.07.01 01:00:00,11482.1
2022.07.04 01:00:00,11588.5
2022.07.05 01:00:00,11522.3
2022.07.06 01:00:00,11782.0
2022.07.07 01:00:00,11873.1
2022.07.08 01:00:00,12090.2
2022.07.11 01:00:00,12129.7
2022.07.12 01:00:00,11872.3
2022.07.13 01:00:00,11746.8
2022.07.14 01:00:00,11700.6
2022.07.15 01:00:00,11774.6
2022.07.18 01:00:00,11991.6
2022.07.19 01:00:00,11886.3
2022.07.20 01:00:00,12286.9
2022.07.21 01:00:00,12398.8
2022.07.22 01:00:00,12543.0
2022.07.25 01:00:00,12400.2
2022.07.26 01:00:00,12299.4
2022.07.27 01:00:00,12168.9
2022.07.28 01:00:00,12556.6
2022.07.29 01:00:00,12899.5
2022.08.01 01:00:00,12953.2
2022.08.02 01:00:00,12958.9
2022.08.03 01:00:00,12899.7
2022.08.04 01:00:00,13227.3
2022.08.05 01:00:00,13303.8
2022.08.08 01:00:00,13196.5
2022.08.09 01:00:00,13191.3
2022.08.10 01:00:00,13034.8
2022.08.11 01:00:00,13357.3
2022.08.12 01:00:00,13325.8
2022.08.15 01:00:00,13557.2
2022.08.16 01:00:00,13657.0
2022.08.17 01:00:00,13644.1
2022.08.18 01:00:00,13489.1
2022.08.19 01:00:00,13515.8
2022.08.22 01:00:00,13230.6
2022.08.23 01:00:00,12914.4
2022.08.24 01:00:00,12871.3
2022.08.25 01:00:00,12941.3
2022.08.26 01:00:00,13129.4
2022.08.29 01:00:00,12550.9
2022.08.30 01:00:00,12493.1
2022.08.31 01:00:00,12348.0
2022.09.01 01:00:00,12295.7
2022.09.02 01:00:00,12280.3
2022.09.05 01:00:00,12124.8
2022.09.06 01:00:00,12130.5
2022.09.07 01:00:00,12015.4
2022.09.08 01:00:00,12255.1
2022.09.09 01:00:00,12343.2
2022.09.12 01:00:00,12586.0
2022.09.13 01:00:00,12768.4
2022.09.14 01:01:00,12048.1
2022.09.15 01:00:00,12167.6
2022.09.16 01:00:00,11899.3
2022.09.19 01:00:00,11880.9
2022.09.20 01:00:00,11973.3
2022.09.21 01:00:00,11877.9
2022.09.22 01:00:00,11595.6
2022.09.23 01:00:00,11502.7
2022.09.26 01:00:00,11325.5
2022.09.27 01:00:00,11250.8
2022.09.28 01:00:00,11292.0
2022.09.29 01:00:00,11474.9
2022.09.30 01:00:00,11171.1
2022.10.03 01:00:00,10998.1
2022.10.04 01:00:00,11249.5
2022.10.05 01:00:00,11579.8
2022.10.06 01:00:00,11568.0
2022.10.07 01:00:00,11449.1
2022.10.10 01:00:00,11041.3
2022.10.11 01:00:00,10939.8
2022.10.12 01:00:00,10825.3
2022.10.13 01:00:00,10798.2
2022.10.14 01:00:00,11012.7
2022.10.17 01:00:00,10698.9
2022.10.18 01:00:00,11080.6
2022.10.19 01:00:00,11274.1
2022.10.20 01:00:00,11102.8
2022.10.21 01:00:00,11013.3
2022.10.24 01:00:00,11333.5
2022.10.25 01:00:00,11415.3
2022.10.26 01:00:00,11540.6
2022.10.27 01:00:00,11429.1
2022.10.28 01:00:00,11056.5
2022.10.31 01:00:00,11581.9
2022.11.01 01:00:00,11413.2
2022.11.02 01:00:00,11280.6
2022.11.03 01:00:00,10903.7
2022.11.04 01:00:00,10696.0
2022.11.07 01:00:00,10836.2
2022.11.08 01:00:00,10976.6
2022.11.09 01:00:00,11051.9
2022.11.10 01:00:00,10807.6
2022.11.11 01:00:00,11640.6
2022.11.14 01:00:00,11800.5
2022.11.15 01:00:00,11732.8
2022.11.16 01:00:00,11858.9
2022.11.17 01:00:00,11734.4
2022.11.18 01:00:00,11710.5
2022.11.21 01:00:00,11680.4
2022.11.22 01:00:00,11558.2
2022.11.23 01:00:00,11711.1
2022.11.24 01:00:00,11851.0
2022.11.25 01:00:00,11892.1
2022.11.28 01:00:00,11763.5
2022.11.29 01:00:00,11600.9
2022.11.30 01:00:00,11495.7
2022.12.01 01:00:00,12052.1
2022.12.02 01:00:00,12017.0
2022.12.05 01:00:00,11959.8
2022.12.06 01:00:00,11796.3
2022.12.07 01:00:00,11553.3
2022.12.08 01:00:00,11484.8
2022.12.09 01:00:00,11626.0
2022.12.12 01:00:00,11543.9
2022.12.13 01:00:00,11687.5
2022.12.14 01:00:00,11824.1
2022.12.15 01:00:00,11765.1
2022.12.16 01:00:00,11345.6
2022.12.19 01:00:00,11212.9
2022.12.20 01:00:00,11079.5
2022.12.21 01:00:00,11091.2
2022.12.22 01:00:00,11250.4
2022.12.23 01:00:00,10951.4
2022.12.27 01:00:00,10974.6
2022.12.28 01:00:00,10821.2
2022.12.29 01:00:00,10692.4
2022.12.30 01:00:00,10941.7
2023.01.03 01:00:00,10955.5
2023.01.04 01:00:00,10861.5
2023.01.05 01:00:00,10897.5
2023.01.06 01:00:00,10758.1
2023.01.09 01:00:00,11026.8
2023.01.10 01:00:00,11103.7
2023.01.11 01:00:00,11202.8
2023.01.12 01:00:00,11395.3
2023.01.13 01:00:00,11449.6
2023.01.16 01:00:00,11531.7
2023.01.17 01:00:00,11498.8
2023.01.18 01:00:00,11554.3
2023.01.19 01:00:00,11416.1
2023.01.20 01:00:00,11329.2
2023.01.23 01:00:00,11615.3
2023.01.24 01:00:00,11874.1
2023.01.25 01:00:00,11910.7
2023.01.26 01:00:00,11814.1
2023.01.27 01:00:00,12001.9
2023.01.30 01:00:00,12164.4
2023.01.31 01:00:00,11935.5
2023.02.01 01:00:00,12064.2
2023.02.02 01:00:00,12453.5
2023.02.03 01:00:00,12620.1
2023.02.06 01:00:00,12566.7
2023.02.07 01:00:00,12465.0
2023.02.08 01:00:00,12696.5
2023.02.09 01:00:00,12515.0
2023.02.10 01:00:00,12407.7
2023.02.13 01:00:00,12298.7
2023.02.14 01:00:00,12502.8
2023.02.15 01:00:00,12577.7
2023.02.16 01:00:00,12702.2
2023.02.17 01:00:00,12425.9
2023.02.20 01:00:00,12349.0
2023.02.21 01:00:00,12331.2
2023.02.22 01:00:00,12078.7
2023.02.23 01:00:00,12135.2
2023.02.24 01:00:00,12163.0
2023.02.27 01:00:00,11974.0
2023.02.28 01:00:00,12067.4
2023.03.01 01:00:00,12013.6
2023.03.02 01:00:00,11962.5
2023.03.03 01:00:00,12031.3
2023.03.06 01:00:00,12306.6
2023.03.07 01:00:00,12303.3
2023.03.08 01:25:00,12160.2
2023.03.09 01:00:00,12223.5
2023.03.10 01:00:00,11996.9
2023.03.13 01:00:00,11879.0
2023.03.14 01:00:00,11941.0
2023.03.15 01:00:00,12196.7
2023.03.16 01:00:00,12261.1
2023.03.17 01:00:00,12574.5
2023.03.20 01:00:00,12517.7
2023.03.21 01:00:00,12569.9
2023.03.22 01:00:00,12740.2
2023.03.23 01:00:00,12568.5
2023.03.24 01:00:00,12744.8
2023.03.27 01:00:00,12794.8
2023.03.28 01:00:00,12692.2
2023.03.29 01:00:00,12627.5
2023.03.30 01:00:00,12836.5
2023.03.31 01:00:00,12966.3
2023.04.03 01:19:00,13184.5
2023.04.04 01:00:00,13140.5
2023.04.05 01:00:00,13109.4
2023.04.06 01:00:00,12958.6
2023.04.10 01:00:00,13050.6
2023.04.11 01:00:00,13052.8
2023.04.12 01:00:00,12971.2
2023.04.13 01:00:00,12847.9
2023.04.14 01:00:00,13076.3
2023.04.17 01:00:00,13099.8
2023.04.18 01:00:00,13080.8
2023.04.19 01:00:00,13090.0
2023.04.20 01:00:00,13071.7
2023.04.21 01:00:00,12999.5
2023.04.24 01:00:00,12988.1
2023.04.25 01:00:00,12961.0
2023.04.26 01:00:00,12834.8
2023.04.27 01:00:00,12878.3
2023.04.28 01:00:00,13183.0
2023.05.01 01:00:00,13249.0
2023.05.02 01:00:00,13211.1
2023.05.03 01:00:00,13097.6
2023.05.04 01:00:00,13016.5
2023.05.05 01:00:00,12977.6
2023.05.08 01:00:00,13244.4
2023.05.09 01:00:00,13271.7
2023.05.10 01:00:00,13196.8
2023.05.11 01:00:00,13346.6
2023.05.12 01:00:00,13389.6
2023.05.15 01:00:00,13311.7
2023.05.16 01:00:00,13406.6
2023.05.17 01:00:00,13446.6
2023.05.18 01:00:00,13581.4
2023.05.19 01:00:00,13855.7
2023.05.22 01:00:00,13784.6
2023.05.23 01:00:00,13861.6
2023.05.24 01:00:00,13682.5
2023.05.25 01:00:00,13795.0
2023.05.26 01:00:00,13940.7
2023.05.29 01:00:00,14322.9
2023.05.30 01:00:00,14367.0
2023.05.31 01:00:00,14368.2
2023.06.01 01:00:00,14250.8
2023.06.02 01:00:00,14462.9
2023.06.05 01:00:00,14556.4
2023.06.06 01:00:00,14552.1
2023.06.07 01:00:00,14566.4
2023.06.08 01:00:00,14293.4
2023.06.09 01:00:00,14501.6
2023.06.12 01:00:00,14551.5
2023.06.13 01:00:00,14810.4
2023.06.14 01:01:00,14913.6
2023.06.15 01:00:00,15036.1
2023.06.16 01:00:00,15177.1
2023.06.19 01:00:00,15114.7
2023.06.20 01:00:00,15055.0
2023.06.21 01:00:00,15062.1
2023.06.22 01:00:00,14859.6
2023.06.23 01:00:00,15059.5
2023.06.26 01:00:00,14884.3
2023.06.27 01:00:00,14706.3
2023.06.28 01:00:00,14920.7
2023.06.29 01:00:00,14989.1
2023.06.30 01:00:00,14950.2
2023.07.03 01:00:00,15156.0
2023.07.04 01:00:00,15202.2
2023.07.05 01:00:00,15189.2
2023.07.06 01:00:00,15198.1
2023.07.07 01:00:00,15076.1
2023.07.10 01:00:00,15047.3
2023.07.11 01:00:00,15047.1
2023.07.12 01:00:00,15121.9
2023.07.13 01:00:00,15316.9
2023.07.14 01:00:00,15561.0
2023.07.17 01:00:00,15557.7
2023.07.18 01:00:00,15691.3
2023.07.19 01:00:00,15815.0
2023.07.20 01:00:00,15808.8
2023.07.21 01:00:00,15478.6
2023.07.24 01:00:00,15437.6
2023.07.25 01:00:00,15454.7
2023.07.26 01:00:00,15610.2
2023.07.27 01:00:00,15516.1
2023.07.28 01:00:00,15482.7
2023.07.31 01:00:00,15741.0
2023.08.01 01:00:00,15768.0
2023.08.02 01:00:00,15711.2
2023.08.03 01:00:00,15357.8
2023.08.04 01:00:00,15362.7
2023.08.07 01:00:00,15282.6
2023.08.08 01:00:00,15408.3
2023.08.09 01:00:00,15274.1
2023.08.10 01:00:00,15129.8
2023.08.11 01:00:00,15147.0
2023.08.14 01:00:00,15034.5
2023.08.15 01:00:00,15211.9
2023.08.16 01:00:00,15046.3
2023.08.17 01:00:00,14873.6
2023.08.18 01:00:00,14685.6
2023.08.21 01:00:00,14688.3
2023.08.22 01:00:00,14917.1
2023.08.23 01:00:00,14912.3
2023.08.24 01:00:00,15302.1
2023.08.25 01:00:00,14786.7
2023.08.28 01:00:00,14927.7
2023.08.29 01:00:00,15058.1
2023.08.30 01:00:00,15386.0
2023.08.31 01:00:00,15475.1
2023.09.01 01:00:00,15504.9
2023.09.04 01:00:00,15482.2
2023.09.05 01:00:00,15499.6
2023.09.06 01:00:00,15489.4
2023.09.07 01:00:00,15362.8
2023.09.08 01:00:00,15268.8
2023.09.11 01:00:00,15297.9
2023.09.12 01:00:00,15457.7
2023.09.13 01:01:00,15294.5
2023.09.14 01:00:00,15366.2
2023.09.15 01:00:00,15480.4
2023.09.18 01:00:00,15194.0
2023.09.19 01:00:00,15234.0
2023.09.20 01:00:00,15195.9
2023.09.21 01:00:00,14950.6
2023.09.22 01:00:00,14678.6
2023.09.25 01:00:00,14706.2
2023.09.26 01:00:00,14785.2
2023.09.27 01:00:00,14563.3
2023.09.28 01:00:00,14610.7
2023.09.29 01:00:00,14722.2
2023.10.02 01:00:00,14740.5
2023.10.03 01:00:00,14841.6
2023.10.04 01:00:00,14565.5
2023.10.05 01:00:00,14751.3
2023.10.06 01:00:00,14720.1
2023.10.09 01:00:00,15000.9
2023.10.10 01:00:00,15051.5
2023.10.11 01:00:00,15141.7
2023.10.12 01:00:00,15273.3
2023.10.13 01:00:00,15193.6
2023.10.16 01:00:00,14983.3
2023.10.17 01:00:00,15179.2
2023.10.18 01:00:00,15120.0
2023.10.19 01:00:00,14944.5
2023.10.20 01:00:00,14741.5
2023.10.23 01:00:00,14550.8
2023.10.24 01:00:00,14646.2
2023.10.25 01:00:00,14733.7
2023.10.26 01:00:00,14372.2
2023.10.27 01:00:00,14125.1
2023.10.30 01:00:00,14185.5
2023.10.31 01:00:00,14326.6
2023.11.01 01:00:00,14370.1
2023.11.02 01:00:00,14678.0
2023.11.03 01:00:00,14889.5
2023.11.06 01:00:00,15105.1
2023.11.07 01:00:00,15144.3
2023.11.08 01:00:00,15299.8
2023.11.09 01:00:00,15284.7
2023.11.10 01:00:00,15187.7
2023.11.13 01:00:00,15510.6
2023.11.14 01:00:00,15491.6
2023.11.15 01:00:00,15824.8
2023.11.16 01:00:00,15775.8
2023.11.17 01:00:00,15833.8
2023.11.20 01:00:00,15812.4
2023.11.21 01:00:00,16031.7
2023.11.22 01:00:00,15914.3
2023.11.23 01:00:00,15996.9
2023.11.24 01:00:00,16013.2
2023.11.27 01:00:00,15968.0
2023.11.28 01:00:00,15961.1
2023.11.29 01:00:00,16012.0
2023.11.30 01:00:00,16002.4
2023.12.01 01:00:00,15924.0
2023.12.04 01:00:00,15998.0
2023.12.05 01:00:00,15824.0
2023.12.06 01:00:00,15872.0
2023.12.07 01:00:00,15788.3
2023.12.08 01:00:00,15993.6
2023.12.11 01:00:00,16077.3
2023.12.12 01:00:00,16229.2
2023.12.13 01:01:00,16371.8
2023.12.14 01:00:00,16542.0
2023.12.15 01:00:00,16532.8
2023.12.18 01:00:00,16600.0
2023.12.19 01:00:00,16713.1
2023.12.20 01:00:00,16812.2
2023.12.21 01:00:00,16578.3
2023.12.22 01:00:00,16751.2
2023.12.26 01:00:00,16763.1
2023.12.27 01:00:00,16883.2
2023.12.28 01:00:00,16929.8
2023.12.29 01:00:00,16900.5
2024.01.02 01:00:00,16818.2
2024.01.03 01:00:00,16554.7
2024.01.04 01:00:00,16369.2
2024.01.05 01:00:00,16287.5
2024.01.08 01:00:00,16307.2
2024.01.09 01:00:00,16629.5
2024.01.10 01:00:00,16674.3
2024.01.11 01:00:00,16803.8
2024.01.12 01:00:00,16815.2
2024.01.15 01:00:00,16813.9
2024.01.16 01:00:00,16828.0
2024.01.17 01:00:00,16841.2
2024.01.18 01:00:00,16726.4
2024.01.19 01:00:00,16987.8
2024.01.22 01:00:00,17332.4
2024.01.23 01:00:00,17328.5
2024.01.24 01:00:00,17428.8
2024.01.25 01:00:00,17506.0
2024.01.26 01:00:00,17464.0
2024.01.29 01:00:00,17390.8
2024.01.30 01:00:00,17590.4
2024.01.31 01:00:00,17361.4
2024.02.01 01:00:00,17159.4
2024.02.02 01:00:00,17532.2
2024.02.05 01:00:00,17596.6
2024.02.06 01:00:00,17612.1
2024.02.07 01:00:00,17562.8
2024.02.08 01:00:00,17767.5
2024.02.09 01:00:00,17779.9
2024.02.12 01:00:00,17957.1
2024.02.13 01:00:00,17851.2
2024.02.14 01:00:00,17626.7
2024.02.15 01:00:00,17799.3
2024.02.16 01:00:00,17889.1
2024.02.19 01:00:00,17660.1
2024.02.20 01:00:00,17726.6
2024.02.21 01:00:00,17520.4
2024.02.22 01:00:00,17644.9
2024.02.23 01:00:00,17971.9
2024.02.26 01:00:00,17910.8
2024.02.27 01:00:00,17902.3
2024.02.28 01:00:00,17967.5
2024.02.29 01:00:00,17818.2
2024.03.01 01:00:00,18030.3
2024.03.04 01:00:00,18283.7
2024.03.05 01:00:00,18211.8
2024.03.06 01:00:00,17955.7
2024.03.07 01:00:00,18012.3
2024.03.08 01:00:00,18233.5
2024.03.11 01:00:00,18037.4
2024.03.12 01:00:00,17981.1
2024.03.13 01:00:00,18211.6
2024.03.14 01:00:00,18094.6
2024.03.15 01:00:00,18014.7
2024.03.18 01:00:00,17815.2
2024.03.19 01:00:00,17989.06
2024.03.20 01:00:00,18037.87
2024.03.21 00:00:30,18306.14
2024.03.22 00:00:30,18347.2
2024.03.25 01:00:00,18333.12
2024.03.26 00:00:30,18311.53
2024.03.27 00:00:30,18261.09
2024.03.28 01:00:00,18288.75
2024.04.01 01:00:00,18250.38
2024.04.02 01:00:00,18295.47
2024.04.03 01:00:00,18143.9
2024.04.04 01:00:00,18187.81
2024.04.05 01:00:00,17875.64
2024.04.08 01:00:00,18110.96
2024.04.09 00:00:30,18125.77
2024.04.10 01:00:00,18201.61
2024.04.11 01:00:00,18012.42
2024.04.12 01:00:00,18308.67
2024.04.15 01:00:00,17997.97
2024.04.16 01:00:00,17707.54
2024.04.17 00:00:30,17731.61
2024.04.18 01:00:00,17503.79
2024.04.19 00:00:30,17372.46
2024.04.22 01:00:00,17022.77
2024.04.23 01:00:00,17199.9
2024.04.24 00:00:30,17514.46
2024.04.25 01:00:00,17366.6
2024.04.26 01:00:00,17678.61
2024.04.29 01:00:00,17705.5
2024.04.30 01:00:00,17787.24
2024.05.01 01:00:00,17385.6
2024.05.02 01:00:00,17355.7
2024.05.03 01:00:00,17625.78
2024.05.06 01:00:00,17908.84
2024.05.07 01:00:00,18080.08
2024.05.08 00:00:30,18093.48
2024.05.09 01:00:00,18059.69
2024.05.10 00:00:30,18120.83
2024.05.13 01:00:00,18141.82
2024.05.14 00:00:30,18195.74
2024.05.15 01:00:00,18321.71
2024.05.16 01:00:00,18606.33
2024.05.17 01:00:00,18549.54
2024.05.20 01:00:00,18547.8
2024.05.21 00:00:00,18668.2
2024.05.22 00:00:30,18724.33
2024.05.23 01:00:00,18743.35
2024.05.24 01:00:00,18616.34
2024.05.27 01:00:00,18805.3
2024.05.28 01:00:00,18894.3
2024.05.29 01:00:00,18895.68
2024.05.30 01:00:00,18694.92
2024.05.31 01:00:00,18545.38
2024.06.03 01:00:00,18528.75
2024.06.04 01:00:00,18622.71
2024.06.05 01:00:00,18667.56
2024.06.06 00:00:30,19052.06
2024.06.07 00:00:30,19035.88
2024.06.10 01:00:00,18997.98
2024.06.11 01:00:00,19081.75
2024.06.12 00:00:30,19225.27
2024.06.13 01:00:00,19589.72
2024.06.14 01:00:00,19589.92
2024.06.17 01:00:00,19670.07
2024.06.18 00:00:30,19903.63
2024.06.19 01:00:00,19930.51
2024.06.20 01:00:00,19955.19
2024.06.21 00:00:30,19780.36
2024.06.24 01:00:00,19737.85
2024.06.25 01:00:00,19490.42
2024.06.26 00:00:30,19711.54
2024.06.27 01:00:00,19697.78
2024.06.28 01:00:00,19815.63
2024.07.01 01:00:00,19721.6
2024.07.02 00:00:30,19803.0
2024.07.03 01:00:00,20004.12
2024.07.04 01:00:00,20187.54
2024.07.05 01:00:00,20150.57
2024.07.08 01:00:00,20372.98
2024.07.09 01:00:00,20464.37
2024.07.10 01:00:00,20471.25
2024.07.11 01:00:00,20682.67
2024.07.12 00:00:00,20222.9
2024.07.15 01:00:00,20332.7
2024.07.16 00:00:30,20428.98
2024.07.17 00:00:30,20395.47
2024.07.18 01:00:00,19826.72
2024.07.19 01:00:00,19748.84
2024.07.22 01:00:00,19517.82
2024.07.23 01:00:00,19807.9
2024.07.24 00:00:30,19776.52
2024.07.25 01:00:00,19102.01
2024.07.26 01:00:00,18830.88
2024.07.29 01:00:00,19015.28
2024.07.30 01:00:00,19070.13
2024.07.31 01:00:00,18714.76
2024.08.01 01:00:00,19438.08
2024.08.02 00:00:30,18825.82
2024.08.05 01:00:00,18388.05
2024.08.06 01:00:00,18026.9
2024.08.07 01:00:00,17989.6
2024.08.08 01:00:00,17750.2
2024.08.09 01:00:00,18453.6
2024.08.12 01:00:00,18495.7
2024.08.13 01:00:00,18531.8
2024.08.14 01:00:00,19001.2
2024.08.15 01:00:00,19044.3
2024.08.16 01:00:00,19469.7
2024.08.19 01:00:00,19523.5
2024.08.20 01:00:00,19758.9
2024.08.21 01:00:00,19714.3
2024.08.22 01:00:00,19834.1
2024.08.23 01:00:00,19524.4
2024.08.26 01:00:00,19702.5
2024.08.27 01:00:00,19476.4
2024.08.28 01:00:00,19561.2
2024.08.29 01:00:00,19240.5
2024.08.30 01:00:00,19385.66
2024.09.02 01:00:00,19536.08
2024.09.03 01:00:00,19597.73
2024.09.04 01:00:00,18948.67
2024.09.05 01:00:00,18919.34
2024.09.06 01:00:00,18884.7
2024.09.09 01:00:00,18303.7
2024.09.10 01:00:00,18691.1
2024.09.11 01:00:00,18807.75
2024.09.12 01:00:00,19223.31
2024.09.13 01:00:00,19391.78
2024.09.16 01:00:00,19485.96
2024.09.17 01:00:00,19409.62
2024.09.18 01:00:00,19443.95
2024.09.19 01:00:00,19393.06
2024.09.20 01:00:00,19822.06
2024.09.23 01:00:00,19777.09
2024.09.24 01:00:00,19836.19
2024.09.25 01:00:00,19961.29
2024.09.26 01:00:00,20020.29
2024.09.27 01:00:00,20127.53
2024.09.30 01:00:00,19978.61
2024.10.01 01:00:00,20025.43
2024.10.02 01:00:00,19759.29
2024.10.03 01:00:00,19851.14
2024.10.04 01:00:00,19758.09
2024.10.07 01:00:00,20007.4
2024.10.08 00:00:30,19827.12
2024.10.09 01:00:00,20097.89
2024.10.10 01:00:00,20264.38
2024.10.11 01:00:00,20252.74
2024.10.14 01:00:00,20235.68
2024.10.15 01:00:00,20467.61
2024.10.16 00:00:30,20166.73
2024.10.17 01:00:00,20162.23
2024.10.18 01:00:00,20222.84
2024.10.21 01:00:00,20327.19
2024.10.22 01:00:00,20389.87
2024.10.23 01:00:00,20373.5
2024.10.24 01:00:00,20132.9
2024.10.25 01:00:00,20249.02
2024.10.28 01:00:00,20337.85
2024.10.29 01:00:00,20379.27
2024.10.30 01:00:00,20583.2
2024.10.31 01:00:00,20383.96
2024.11.01 01:00:00,19919.36
2024.11.04 01:00:00,20044.71
2024.11.05 01:00:00,20004.6
2024.11.06 01:00:00,20258.74
2024.11.07 01:00:00,20819.27
2024.11.08 01:00:00,21122.68
2024.11.11 01:00:00,21128.46
2024.11.12 01:00:00,21117.6
2024.11.13 01:00:00,21087.85
2024.11.14 01:00:00,21079.77
2024.11.15 01:00:00,20896.54
2024.11.18 01:00:00,20418.65
2024.11.19 01:00:00,20554.23
2024.11.20 01:00:00,20680.79
2024.11.21 01:00:00,20667.29
2024.11.22 01:00:00,20722.36
2024.11.25 01:00:00,20807.17
2024.11.26 00:00:30,20839.88
2024.11.27 01:00:00,20942.5
2024.11.28 01:00:00,20751.58
2024.11.29 01:00:00,20837.65
2024.12.02 01:00:00,20940.7
2024.12.03 01:00:00,21169.37
2024.12.04 01:00:00,21284.73
2024.12.05 01:00:00,21481.0
2024.12.06 01:00:00,21417.9
2024.12.09 01:00:00,21600.58
2024.12.10 01:00:00,21446.03
2024.12.11 01:00:00,21409.59
2024.12.12 01:00:00,21733.93
2024.12.13 01:00:00,21611.78
2024.12.16 01:00:00,21745.5
2024.12.17 01:00:00,22101.87
2024.12.18 00:00:30,21999.01
2024.12.19 01:00:00,21155.69
2024.12.20 01:00:00,21109.77
2024.12.23 01:00:00,21250.82
2024.12.24 01:00:00,21448.75
2024.12.26 01:00:00,21761.16
2024.12.27 01:00:00,21705.99
2024.12.30 01:00:00,21444.26
2024.12.31 01:00:00,21124.44
2025.01.02 01:00:00,20974.1
2025.01.03 01:00:00,20929.07
2025.01.06 01:00:00,21232.79
2025.01.07 01:00:00,21538.5
2025.01.08 01:00:00,21137.76
2025.01.09 01:00:00,21091.03
2025.01.10 01:00:00,21069.72
2025.01.13 01:00:00,20766.11
2025.01.14 01:00:00,20774.08
2025.01.15 01:00:00,20763.27
2025.01.16 01:00:00,21166.1
2025.01.17 00:00:30,21008.2
2025.01.20 01:00:00,21382.53
2025.01.21 01:00:00,21491.59
2025.01.22 01:00:00,21585.47
2025.01.23 01:00:00,21801.17
2025.01.24 01:00:00,21841.88
2025.01.27 01:00:00,21726.83
2025.01.28 01:00:00,21139.49
2025.01.29 01:00:00,21396.46
2025.01.30 01:00:00,21416.8
2025.01.31 01:00:00,21457.12
2025.02.03 01:01:00,21407.73
2025.02.04 01:00:00,21411.11
2025.02.05 01:00:00,21445.3
2025.02.06 01:00:00,21636.66
2025.02.07 01:00:00,21715.01
2025.02.10 01:00:00,21450.44
2025.02.11 01:00:00,21716.85
2025.02.12 01:00:00,21697.9
2025.02.13 01:00:00,21768.5
2025.02.14 01:00:00,21987.9
2025.02.17 01:00:00,22120.4
2025.02.18 01:00:00,22150.0
2025.02.19 01:00:00,22144.0
2025.02.20 01:00:00,22145.8
2025.02.21 01:00:00,22060.3
2025.02.24 01:00:00,21587.6
2025.02.25 01:00:00,21365.4
2025.02.26 01:00:00,21131.3
2025.02.27 01:00:00,21212.9
2025.02.28 01:00:00,20575.8
2025.03.03 01:00:00,20854.1
2025.03.04 01:00:00,20483.3
2025.03.05 01:00:00,20497.7
2025.03.06 01:00:00,20568.9
2025.03.07 01:00:00,20135.7
2025.03.10 01:00:00,20167.1
2025.03.11 01:00:00,19439.5
2025.03.12 01:00:00,19364.7
2025.03.13 01:00:00,19541.2
2025.03.14 01:00:00,19264.6
2025.03.17 01:00:00,19641.0
2025.03.18 01:00:00,19811.2
2025.03.19 01:00:00,19478.5
2025.03.20 01:00:00,19728.9
2025.03.21 01:00:00,19676.25
2025.03.24 01:00:00,19758.25
2025.03.25 01:00:00,20152.4
2025.03.26 01:00:00,20312.2
2025.03.27 01:00:00,19884.3
2025.03.28 01:00:00,19796.55
2025.03.31 01:00:00,19176.85
2025.04.01 01:00:00,19232.0
2025.04.02 01:00:00,19419.3
2025.04.03 01:00:00,18935.4
2025.04.04 01:00:00,18473.0
2025.04.07 01:00:00,17331.5
2025.04.08 01:00:00,17482.4
2025.04.09 01:00:00,17087.0
2025.04.10 01:00:00,19216.55
2025.04.11 01:00:00,18355.75
2025.04.14 01:00:00,18677.35
2025.04.15 01:00:00,18765.95
2025.04.16 01:00:00,18799.5
2025.04.17 01:00:00,18231.3
2025.04.21 01:00:00,18295.5
2025.04.22 01:00:00,17792.35
2025.04.23 01:00:00,18246.15
2025.04.24 01:00:00,18735.8
2025.04.25 01:00:00,19236.7
2025.04.28 01:00:00,19440.4
2025.04.29 01:00:00,19380.55
2025.04.30 01:00:00,19508.7
